,State,Year,GDP,RPPS,Unemployment,Per_Capita_Income,Population,Per_Capita_Expenditure,Crime_Rate,Property_Crime_Rate,Durable goods,Final consumption expenditures of nonprofit institutions serving households (NPISHs),Nondurable goods,Services
0,Alabama,2012,188280.7,90.515,2503656.0,35559.0,4839947.0,28915.73,175.03333333333333,295.38416666666666,15071.9,2345.6,38133.8,86744.9
1,Alabama,2013,193981.5,90.273,2523020.0,35706.0,4865253.0,29588.74,193.59,283.43333333333334,15563.2,2426.9,38918.1,89475.4
2,Alabama,2014,197064.4,90.137,2552256.0,36722.0,4887757.0,30358.63,185.5583333333333,266.22583333333336,16111.1,2459.2,39738.2,92536.3
3,Alabama,2015,203113.3,89.706,2587641.0,38189.0,4909177.0,31123.44,192.90166666666667,249.52416666666667,16899.9,2506.5,39352.7,96537.9
4,Alabama,2016,208824.3,90.58,2619761.0,38704.0,4931579.0,31999.1,201.3175,246.28583333333336,17507.2,2687.7,39302.5,100996.5
5,Alabama,2017,216615.5,90.098,2649222.0,39968.0,4953096.0,33014.38,192.7275,246.4,18177.0,2661.4,40458.7,104887.7
6,Alabama,2018,226263.8,87.388,2692424.0,41324.0,4977088.0,34048.06,185.55083333333334,236.01583333333335,18969.5,2539.0,42055.5,108435.2
7,Alabama,2019,234798.2,88.297,2712014.0,42998.0,5003778.0,35385.18,98.52416666666666,116.2325,19538.6,2422.4,43231.0,114290.0
8,Alabama,2020,235325.3,87.561,2670753.0,45843.0,5033094.0,34935.55,98.06416666666667,106.85333333333334,21327.1,3232.5,44797.5,109709.3
9,Alabama,2021,260018.4,88.072,2769122.0,50495.0,5049196.0,39391.58,109.50166666666667,120.115,26097.3,2333.2,51102.8,121695.7
10,Alabama,2022,284949.1,88.007,2854910.0,51660.0,5076181.0,42489.13,138.1825,145.15833333333333,27480.1,2996.9,55525.6,132676.8
11,Alaska,2012,58320.7,102.597,459282.0,53340.0,731106.0,42454.99,158.28833333333333,230.3083333333333,3154.0,1674.9,6322.7,21562.4
12,Alaska,2013,57533.0,102.079,461205.0,52252.0,738054.0,42914.48,153.63583333333332,242.19000000000003,3242.4,1755.1,6308.4,22122.5
13,Alaska,2014,56587.4,102.412,461371.0,55098.0,737634.0,44251.49,158.7425,231.68083333333334,3383.9,1730.7,6424.5,22833.0
14,Alaska,2015,51574.2,103.331,461707.0,56714.0,739120.0,45018.94,174.975,236.86,3536.3,1765.5,6238.6,23499.5
15,Alaska,2016,51121.8,104.075,457142.0,55536.0,743397.0,45704.25,182.70583333333335,281.085,3622.1,1783.5,6143.1,24211.2
16,Alaska,2017,53550.9,104.864,455550.0,56500.0,741937.0,47075.16,185.56916666666666,296.8491666666667,3787.0,1868.3,6186.9,24953.0
17,Alaska,2018,54762.0,104.552,454776.0,58997.0,737710.0,48904.18,193.02833333333334,277.355,3879.5,1916.8,6328.8,25868.8
18,Alaska,2019,54549.6,103.039,454794.0,60504.0,734820.0,50179.64,196.495,245.86916666666664,3953.4,1965.4,6397.4,26522.1
19,Alaska,2020,51283.4,101.35,430867.0,61853.0,733017.0,47835.18,178.6725,189.5675,4330.0,2034.6,6394.1,24339.9
20,Alaska,2021,58943.5,104.808,443037.0,65608.0,734420.0,54163.69,143.48166666666665,103.3675,5196.2,2024.1,6960.0,27622.7
21,Alaska,2022,66271.9,102.022,453783.0,68905.0,734442.0,59145.31,165.90333333333334,154.14666666666668,5368.2,2363.7,7519.4,30551.2
22,Arizona,2012,272703.3,98.044,3295532.0,36364.0,6501800.0,32288.95,117.17083333333333,263.3475,22536.5,3589.9,47966.8,139432.9
23,Arizona,2013,278679.5,98.415,3371101.0,36918.0,6555926.0,33073.89,112.50166666666667,284.91416666666663,23667.1,3649.5,49297.9,143865.0
24,Arizona,2014,286676.0,97.934,3448146.0,38268.0,6629890.0,34110.9,111.06083333333333,267.65916666666664,25168.2,3610.8,51842.7,149140.6
25,Arizona,2015,298942.2,97.871,3547647.0,39888.0,6705607.0,35008.87,114.3175,254.17333333333332,26847.0,3721.4,51686.8,156222.0
26,Arizona,2016,313787.1,98.588,3644791.0,41173.0,6793278.0,35870.69,120.045,250.43916666666667,27994.6,4041.8,52390.6,163294.5
27,Arizona,2017,333099.0,97.873,3740747.0,43255.0,6872380.0,37691.32,130.98166666666665,245.8166666666667,29696.4,4020.7,55974.9,173357.8
28,Arizona,2018,353671.0,97.344,3854741.0,45297.0,6964300.0,39317.1,125.78083333333332,225.30083333333334,31737.1,4448.1,58912.2,183166.7
29,Arizona,2019,375376.7,97.773,3929587.0,47718.0,7067695.0,40564.58,125.83083333333333,204.01250000000002,33334.3,4331.9,60954.7,192409.1
30,Arizona,2020,388956.7,99.207,3919466.0,52038.0,7187135.0,40619.7,124.31,187.63583333333335,37563.0,5436.4,64541.5,189834.8
31,Arizona,2021,436778.6,96.604,4085758.0,56963.0,7274078.0,46161.04,95.13666666666667,137.84333333333333,46912.2,4646.8,73292.4,215574.4
32,Arizona,2022,484052.2,99.963,4241280.0,58873.0,7377566.0,50643.42,126.57,179.0041666666667,49213.8,6485.9,82136.7,242274.7
33,Arkansas,2012,108836.0,89.354,1565109.0,36289.0,2948793.0,28227.72,177.3925,313.49833333333333,9240.2,1937.3,21891.0,52106.6
34,Arkansas,2013,114021.1,89.445,1569358.0,36286.0,2954563.0,28821.39,165.7475,297.39,9621.9,1964.1,22222.6,53310.1
35,Arkansas,2014,117388.7,89.357,1587408.0,38220.0,2961050.0,29916.45,159.29333333333332,268.96250000000003,10029.1,1957.5,22609.4,55945.6
36,Arkansas,2015,118573.6,88.98,1610799.0,39267.0,2970210.0,30760.79,167.42,265.0308333333333,10383.0,2293.9,22150.8,58832.2
37,Arkansas,2016,120987.4,89.275,1629734.0,40181.0,2980475.0,31829.19,172.66,266.28416666666664,10766.0,2477.9,22464.0,61636.1
38,Arkansas,2017,123882.6,88.607,1639903.0,41403.0,2990702.0,32785.78,168.47583333333333,257.90916666666664,11041.3,2614.0,23384.5,63626.6
39,Arkansas,2018,129213.8,87.156,1658212.0,43031.0,2997195.0,34151.87,173.9625,250.99,11369.4,2959.6,24193.7,66796.7
40,Arkansas,2019,132625.8,87.742,1663305.0,43737.0,3004206.0,34755.57,176.14,242.29666666666665,11480.5,3130.1,24462.2,68470.1
41,Arkansas,2020,136198.4,88.168,1638864.0,47100.0,3014546.0,35032.37,182.08083333333332,224.70583333333335,12566.8,4006.1,25398.0,67641.9
42,Arkansas,2021,154052.5,88.913,1684570.0,52872.0,3026870.0,39409.09,183.18666666666664,215.48583333333332,15155.7,3790.8,29240.0,74890.6
43,Arkansas,2022,168605.8,86.895,1745448.0,55299.0,3047704.0,42308.64,174.16583333333335,208.89333333333332,15558.0,4499.1,31833.0,81553.2
44,California,2012,2108873.1,109.649,20666919.0,47793.0,37971412.0,37111.43,88.22333333333334,231.5175,136883.0,41039.3,281768.9,990521.6
45,California,2013,2223300.9,109.638,21318697.0,48074.0,38292557.0,37968.92,84.325,223.13,140506.4,42212.8,287938.5,1025482.1
46,California,2014,2342218.8,109.887,21996861.0,50617.0,38637421.0,39397.46,86.21916666666668,204.95749999999998,146561.7,43112.8,300466.8,1075187.8
47,California,2015,2487156.4,110.644,22687175.0,53816.0,38966939.0,40950.72,91.23,219.74166666666667,155688.4,45589.6,306730.4,1133305.3
48,California,2016,2586485.2,109.866,23177961.0,55862.0,39223789.0,42471.65,92.90666666666665,214.3983333333333,158634.0,51433.9,313241.3,1194023.8
49,California,2017,2740550.3,110.925,23548874.0,58214.0,39424315.0,44442.7,94.44,209.89583333333334,165674.6,50364.6,329259.1,1257189.5
50,California,2018,2899530.9,111.972,24077466.0,60984.0,39535920.0,46947.62,94.98916666666666,200.13833333333332,175741.6,57153.7,346728.2,1333647.5
51,California,2019,3068629.7,111.132,24224461.0,64219.0,39547995.0,49083.17,93.52333333333333,195.79,179259.7,56552.2,360617.8,1401263.4
52,California,2020,3076755.1,111.941,23152576.0,70065.0,39521958.0,47777.85,89.46333333333332,180.72166666666666,186329.8,68111.4,368124.2,1333820.4
53,California,2021,3423958.3,111.868,23932286.0,76887.0,39142565.0,55091.63,77.20916666666666,134.34166666666667,233027.6,65022.3,423586.9,1499813.1
54,California,2022,3660415.7,112.566,24941198.0,76741.0,39142414.0,60619.72,99.52666666666666,198.87750000000003,245775.3,77136.0,468637.6,1658389.3
55,Colorado,2012,274738.8,103.152,3262912.0,45495.0,5188139.0,36576.47,73.92666666666666,224.26916666666668,20688.8,4462.1,40251.6,128823.4
56,Colorado,2013,291265.3,103.118,3357156.0,47088.0,5262801.0,37803.25,74.99666666666667,224.06833333333336,22110.4,4523.2,41807.2,135033.3
57,Colorado,2014,309223.9,103.076,3467715.0,50251.0,5342212.0,39452.85,77.96166666666666,213.9416666666667,23744.7,4667.0,44081.6,142939.2
58,Colorado,2015,320895.9,103.084,3574253.0,51401.0,5441452.0,40883.26,81.38250000000001,219.5175,25420.9,4646.6,45217.7,151825.7
59,Colorado,2016,330565.9,102.713,3666709.0,51312.0,5528510.0,42290.16,84.59166666666667,229.47,26807.2,4974.6,47367.7,159626.7
60,Colorado,2017,350209.1,102.957,3760708.0,54176.0,5599635.0,44285.6,87.27749999999999,225.96333333333334,29083.0,5023.8,50678.6,168221.6
61,Colorado,2018,373923.1,100.29,3857981.0,57798.0,5676918.0,46117.96,91.16000000000001,227.64666666666668,30984.4,5800.6,52944.5,177879.0
62,Colorado,2019,397843.6,102.499,3894321.0,61278.0,5735797.0,48128.32,89.64166666666667,219.75083333333336,32327.5,5712.2,55423.7,188303.0
63,Colorado,2020,396741.9,103.766,3820820.0,64671.0,5787129.0,47394.85,91.34083333333332,241.28916666666666,34977.0,6724.8,58482.0,180821.1
64,Colorado,2021,445835.7,102.815,3987571.0,71676.0,5814036.0,54318.86,97.685,265.1275,42118.3,6013.6,66245.7,207447.7
65,Colorado,2022,494672.8,102.257,4110187.0,76544.0,5850935.0,59985.34,100.55166666666666,268.8575,44486.3,7971.9,73394.1,233089.9
66,Connecticut,2012,239907.5,107.542,2223243.0,63556.0,3605215.0,42958.41,98.7275,180.02666666666667,15480.5,5676.4,31297.2,108096.6
67,Connecticut,2013,240549.2,107.703,2246505.0,62000.0,3610238.0,43904.92,90.97916666666667,165.80916666666667,16075.1,6067.2,31847.2,110585.0
68,Connecticut,2014,247114.7,107.01,2266061.0,64484.0,3614584.0,45492.15,85.47666666666667,161.33416666666668,16476.9,6348.8,33074.1,114884.3
69,Connecticut,2015,260648.5,107.612,2288144.0,66222.0,3611891.0,46697.78,80.60333333333334,152.92499999999998,16737.9,6936.4,33300.6,118628.9
70,Connecticut,2016,264760.4,107.521,2301331.0,67551.0,3607614.0,47589.29,81.61583333333333,152.16416666666666,16952.0,7343.4,33656.0,121075.8
71,Connecticut,2017,273875.1,107.18,2300273.0,69147.0,3607550.0,49084.86,82.68166666666666,148.93416666666667,17292.1,8127.8,34952.9,124831.0
72,Connecticut,2018,280535.4,104.057,2314465.0,72159.0,3611229.0,50888.88,81.33999999999999,141.00583333333333,17994.6,8088.7,35529.6,130247.1
73,Connecticut,2019,286451.9,103.941,2297925.0,74176.0,3607133.0,51765.13,77.47083333333333,120.10833333333333,18081.9,8055.1,35762.8,132879.0
74,Connecticut,2020,278029.4,105.091,2217360.0,76779.0,3579918.0,51521.74,75.24,132.29583333333332,18586.7,9185.7,36310.4,129546.5
75,Connecticut,2021,296801.3,102.828,2289368.0,81692.0,3606607.0,56986.89,73.85666666666667,129.61416666666665,22229.4,8257.7,40687.4,142612.5
76,Connecticut,2022,321686.4,106.226,2356018.0,84777.0,3617925.0,61077.63,71.93666666666667,126.58166666666666,22825.0,9034.0,43602.0,154547.3
77,Delaware,2012,62342.1,99.53,534253.0,43771.0,916654.0,39304.58,198.63,281.12833333333333,4158.5,1106.6,7661.2,24209.1
78,Delaware,2013,62058.2,98.591,544691.0,43943.0,925704.0,39933.61,178.59083333333334,262.63666666666666,4254.4,1157.4,7929.6,24782.6
79,Delaware,2014,68606.0,99.704,556449.0,45359.0,935278.0,41304.62,167.39833333333334,250.58416666666668,4439.9,1174.2,8126.2,26065.2
80,Delaware,2015,72352.5,97.946,568832.0,47238.0,944716.0,41886.24,169.955,226.46166666666667,4667.5,1187.6,8172.7,26730.4
81,Delaware,2016,70021.5,98.499,578605.0,48186.0,953146.0,42558.01,164.52583333333334,232.42666666666665,4728.0,1217.1,8293.1,27542.9
82,Delaware,2017,69555.6,98.564,584693.0,49997.0,961604.0,43874.4,150.6,203.94500000000002,4803.9,1266.7,8569.9,28816.1
83,Delaware,2018,73376.0,99.26,597021.0,52670.0,971152.0,45777.9,145.70666666666668,194.145,4994.2,1262.1,8961.0,30502.0
84,Delaware,2019,78710.5,98.822,602769.0,53778.0,981340.0,46731.51,142.26,188.505,5139.5,1264.1,9074.2,31645.8
85,Delaware,2020,77520.3,96.782,592138.0,55497.0,991928.0,45087.35,130.71666666666667,164.94416666666666,5221.1,1398.4,9272.4,30229.9
86,Delaware,2021,83069.8,97.438,620262.0,59619.0,1005062.0,50860.84,132.53666666666666,158.62083333333334,6367.3,1317.1,10729.8,34021.2
87,Delaware,2022,92558.2,97.979,643382.0,63890.0,1020625.0,54966.42,129.81333333333333,165.9025,6613.6,1566.0,11697.1,37789.4
88,District of Columbia,2012,112512.7,111.696,834391.0,67522.0,630643.0,59144.4,267.08583333333337,406.0158333333333,2850.6,881.5,7042.6,27405.8
89,District of Columbia,2013,114832.7,113.585,848230.0,67081.0,644203.0,60478.76,273.00333333333333,400.895,2987.5,769.8,7509.4,28463.6
90,District of Columbia,2014,119998.0,114.291,860668.0,70527.0,653986.0,62142.31,297.7866666666667,434.53,3099.3,925.6,7806.4,29734.5
91,District of Columbia,2015,124753.6,113.386,873204.0,74784.0,665135.0,63435.24,309.2575,392.7616666666667,3252.4,872.1,8168.7,30772.0
92,District of Columbia,2016,129933.5,112.475,892796.0,77500.0,673428.0,64599.63,316.61083333333335,402.8725,3458.6,1117.8,8372.5,31672.1
93,District of Columbia,2017,134298.8,110.087,902843.0,79567.0,680670.0,66527.54,280.37833333333333,359.76500000000004,3732.8,1047.0,8796.9,32753.6
94,District of Columbia,2018,141240.2,111.51,914319.0,82272.0,685476.0,69887.2,275.8308333333334,366.82166666666666,4051.1,1410.3,9262.2,34592.7
95,District of Columbia,2019,145071.4,109.225,915216.0,83675.0,687320.0,72243.79,281.4875,365.81583333333333,4278.0,1351.6,9648.0,35728.6
96,District of Columbia,2020,146660.1,110.894,866067.0,90691.0,670917.0,70093.77,243.5875,293.5308333333333,4595.7,1434.2,9254.3,33177.1
97,District of Columbia,2021,156537.5,111.586,869725.0,97764.0,669256.0,79344.08,133.19916666666666,146.13500000000002,5459.5,1462.6,10256.0,37385.9
98,District of Columbia,2022,165768.4,112.656,895212.0,100153.0,676725.0,85558.39,272.50166666666667,298.1766666666667,5669.2,1883.8,11159.6,41070.7
99,Florida,2012,784545.9,101.046,10249034.0,41211.0,19268256.0,36301.48,126.33833333333335,273.7575,78947.7,3493.1,145961.0,474557.4
100,Florida,2013,819679.8,100.718,10539527.0,40743.0,19502928.0,37072.73,120.59583333333335,259.54583333333335,84169.6,3212.8,151368.9,487488.2
101,Florida,2014,860112.6,100.856,10937534.0,42877.0,19790139.0,38602.81,117.86166666666668,245.26249999999996,90187.7,3543.9,158961.4,514805.9
102,Florida,2015,918464.3,101.256,11367164.0,44957.0,20140379.0,39923.52,117.68583333333332,235.07000000000002,96411.9,3476.3,162731.9,544931.0
103,Florida,2016,964500.8,101.055,11682273.0,45730.0,20533473.0,40691.15,112.5075,224.47083333333333,100012.1,3658.1,166546.0,568972.6
104,Florida,2017,1014866.9,100.871,12098388.0,48447.0,20868335.0,42108.97,109.6675,209.88083333333336,104859.0,4890.0,174757.1,599127.9
105,Florida,2018,1072085.6,100.315,12556216.0,51015.0,21131181.0,44009.54,106.53583333333334,190.59,111317.3,5331.3,183988.1,634668.1
106,Florida,2019,1133718.0,99.647,12760885.0,53666.0,21353320.0,45332.19,105.76333333333334,179.02666666666667,113005.0,4603.2,190674.5,664313.3
107,Florida,2020,1142004.4,100.61,12718985.0,56539.0,21592035.0,44719.13,101.70833333333333,147.97333333333333,121579.2,7674.8,198988.3,645009.4
108,Florida,2021,1298631.2,101.398,13456889.0,62238.0,21831949.0,51283.35,77.82666666666667,84.48333333333333,154051.7,4312.0,229257.2,736306.5
109,Florida,2022,1465281.1,102.252,14201476.0,64171.0,22379312.0,56258.48,96.31916666666666,125.15000000000002,163322.9,7385.9,257399.9,838303.3
110,Georgia,2012,449375.6,95.243,5384734.0,37250.0,9907250.0,30880.11,125.68416666666667,285.7325,31892.0,3166.1,76872.7,197172.4
111,Georgia,2013,467559.5,94.787,5497190.0,37484.0,9980892.0,31762.9,121.67083333333333,284.84666666666664,33428.5,2998.3,79224.2,204369.4
112,Georgia,2014,493370.3,94.903,5671135.0,39550.0,10078133.0,33084.82,124.1425,287.98083333333335,35320.2,2932.1,83048.7,215064.3
113,Georgia,2015,525516.8,94.667,5832928.0,41527.0,10191912.0,34032.71,112.59416666666668,252.41833333333332,37967.0,3148.1,83241.0,225650.4
114,Georgia,2016,554903.2,94.932,5973764.0,42742.0,10318636.0,35010.25,114.90583333333332,254.0058333333333,39820.0,3233.3,83543.8,237894.2
115,Georgia,2017,583543.3,95.292,6128089.0,44836.0,10428854.0,36469.09,94.14666666666666,209.26833333333332,42345.3,3454.3,88852.7,249132.8
116,Georgia,2018,612803.4,94.819,6287460.0,46624.0,10532841.0,37965.84,104.56666666666666,214.82833333333335,44645.4,3947.3,93315.1,261927.7
117,Georgia,2019,646695.8,94.395,6398769.0,48529.0,10643103.0,39111.52,93.87,180.44500000000002,46115.3,3026.4,95833.3,274319.3
118,Georgia,2020,640223.6,94.476,6326141.0,51460.0,10732888.0,38441.73,91.56916666666666,125.66583333333334,49764.2,4601.7,99475.0,263351.6
119,Georgia,2021,705546.7,95.761,6638710.0,56079.0,10792060.0,43830.92,104.2925,132.96083333333334,62185.5,2301.8,115125.4,295715.0
120,Georgia,2022,779684.0,95.725,6931533.0,57193.0,10931805.0,47631.47,114.36333333333333,145.62166666666667,66112.5,3812.8,127774.9,326810.6
121,Hawaii,2012,71645.6,108.37,849130.0,43523.0,1405255.0,36664.02,100.53333333333335,261.74083333333334,4065.0,2422.2,11856.2,35601.1
122,Hawaii,2013,74598.5,112.299,868191.0,43548.0,1423345.0,37767.09,110.08666666666666,270.53749999999997,4234.2,2402.5,12124.7,37396.7
123,Hawaii,2014,77043.0,110.592,882702.0,45445.0,1434323.0,38712.48,110.31416666666667,288.4633333333333,4453.6,2445.6,12371.6,38701.0
124,Hawaii,2015,81410.2,111.515,901126.0,47150.0,1446452.0,39543.38,95.48833333333333,266.635,4686.1,2415.4,12302.3,40209.2
125,Hawaii,2016,84287.2,109.881,914921.0,48561.0,1456816.0,40236.1,91.51333333333334,249.88833333333332,4836.1,2555.8,12609.2,41171.4
126,Hawaii,2017,87436.4,110.447,921135.0,50506.0,1458161.0,42052.56,88.995,238.75,5042.7,2611.1,13102.5,43174.1
127,Hawaii,2018,90933.5,110.831,924352.0,51554.0,1459965.0,43819.13,92.86666666666667,243.4416666666667,5268.2,2778.0,13782.1,44924.1
128,Hawaii,2019,93240.2,111.781,913949.0,53940.0,1456943.0,45887.18,92.69916666666666,242.01833333333332,5309.5,2827.4,14246.3,47299.1
129,Hawaii,2020,84885.8,113.249,817434.0,56995.0,1451252.0,44132.58,83.01166666666667,206.00583333333336,5551.6,3250.7,13934.7,44561.1
130,Hawaii,2021,93400.4,112.513,860684.0,61051.0,1447029.0,49723.05,102.2275,222.71166666666667,6696.2,2910.5,15446.9,49807.5
131,Hawaii,2022,103153.1,111.094,895043.0,62522.0,1440359.0,54537.45,107.01083333333334,215.44500000000002,7041.3,3400.6,16619.3,54892.9
132,Idaho,2012,57933.7,93.491,883162.0,34812.0,1600611.0,28098.89,85.96166666666666,167.50833333333333,5108.0,619.6,11380.8,28486.6
133,Idaho,2013,61712.6,93.679,903016.0,35699.0,1618841.0,29192.37,83.1375,157.12,5559.1,589.3,11827.3,29871.5
134,Idaho,2014,64501.7,93.701,925548.0,37107.0,1641124.0,30149.28,82.62833333333333,156.2325,5981.8,494.5,12346.7,31150.2
135,Idaho,2015,66064.9,94.308,949392.0,38813.0,1663458.0,30553.76,81.90333333333334,146.68666666666667,6631.3,501.7,12100.6,32093.0
136,Idaho,2016,69185.2,92.998,976719.0,39653.0,1697093.0,31591.37,82.83166666666666,145.89083333333335,7141.1,541.4,12538.0,33934.4
137,Idaho,2017,72935.1,94.544,1007831.0,41197.0,1734888.0,32707.64,82.52583333333332,138.13583333333335,7723.2,658.3,13004.0,36016.9
138,Idaho,2018,79072.4,91.703,1041387.0,43254.0,1769305.0,33960.57,83.54333333333334,123.31916666666666,8136.4,602.4,13584.0,38366.2
139,Idaho,2019,84429.4,92.445,1063420.0,45880.0,1808378.0,34701.48,79.84666666666666,104.77666666666666,8304.7,687.9,13810.7,40638.0
140,Idaho,2020,88099.3,91.019,1077509.0,49607.0,1849415.0,34729.31,79.05,100.03833333333334,9497.3,997.8,14393.7,40337.8
141,Idaho,2021,99839.1,91.625,1136894.0,55408.0,1904848.0,39854.57,75.70166666666667,82.45166666666667,12181.9,867.3,16946.9,46788.0
142,Idaho,2022,112290.1,91.791,1179656.0,56984.0,1944299.0,43831.48,77.01333333333334,79.63,12911.7,1199.3,19314.5,52995.4
143,Illinois,2012,725478.0,100.982,7434721.0,45934.0,12927420.0,36010.12,37.58416666666667,218.72416666666666,47244.6,21663.5,98046.8,320226.5
144,Illinois,2013,742890.9,100.238,7503553.0,46735.0,12959880.0,36752.23,35.975,194.66166666666666,48770.6,21628.5,99426.8,328107.0
145,Illinois,2014,772291.7,99.686,7613604.0,48536.0,12968905.0,38013.49,33.91833333333333,176.88166666666666,49991.4,22634.9,101416.8,341585.3
146,Illinois,2015,802592.0,98.932,7748859.0,50688.0,12963110.0,39179.98,35.32666666666666,168.97666666666666,52159.0,22983.8,101768.7,353966.7
147,Illinois,2016,813561.6,99.535,7804672.0,51347.0,12944999.0,40356.4,39.76166666666666,174.10916666666665,53193.4,24723.1,102837.2,366383.0
148,Illinois,2017,832826.8,100.28,7823072.0,53056.0,12922894.0,41754.39,39.94166666666667,169.53083333333333,55058.4,24569.4,107014.0,377515.3
149,Illinois,2018,871024.2,100.323,7880803.0,56077.0,12887397.0,43629.44,37.6175,163.7775,56687.2,27153.3,112003.8,393578.9
150,Illinois,2019,895601.8,99.466,7859167.0,57738.0,12849440.0,44729.41,37.61,156.79833333333332,58365.1,25309.9,114822.7,401560.1
151,Illinois,2020,860672.8,100.341,7519081.0,61542.0,12799088.0,43925.26,39.61083333333333,140.5975,62007.7,29695.0,118277.0,381918.5
152,Illinois,2021,946776.2,101.329,7749922.0,66612.0,12700641.0,49580.73,118.25,105.86666666666667,76147.5,26790.3,136332.9,417226.6
153,Illinois,2022,1040353.3,101.24,7994252.0,68352.0,12621821.0,54732.66,148.37333333333333,154.99666666666667,78758.3,32764.3,147005.3,465062.3
154,Indiana,2012,301277.4,92.784,3642274.0,39148.0,6546485.0,31367.86,114.135,268.28583333333336,21845.9,7058.6,51220.2,132283.1
155,Indiana,2013,313466.9,92.926,3684167.0,39435.0,6581401.0,31913.78,110.145,251.745,22455.2,7131.2,52378.5,135203.7
156,Indiana,2014,329360.9,92.696,3740470.0,40719.0,6610174.0,32870.51,103.78083333333332,236.59166666666667,23516.9,7259.9,53484.4,140278.5
157,Indiana,2015,333163.8,91.483,3796439.0,42146.0,6628925.0,33609.21,106.30666666666667,231.17416666666668,24949.2,7443.3,53017.8,144825.8
158,Indiana,2016,342716.6,91.423,3847508.0,43143.0,6658719.0,34624.81,110.66833333333334,233.36416666666665,25788.7,8051.9,54301.6,150466.6
159,Indiana,2017,357535.8,90.884,3903424.0,44568.0,6686218.0,36171.02,111.60166666666667,222.58833333333334,27320.4,8106.7,57306.9,157220.0
160,Indiana,2018,377376.9,92.737,3963724.0,46555.0,6725960.0,37591.78,111.67583333333333,204.54,28440.7,8342.8,59323.3,165076.7
161,Indiana,2019,384838.7,92.827,3969443.0,48270.0,6761818.0,38361.27,107.51416666666667,183.495,28741.6,8203.0,60198.4,170451.9
162,Indiana,2020,378633.6,91.766,3842872.0,51736.0,6790497.0,38257.61,110.62833333333333,162.72666666666666,30690.9,9497.5,61429.5,167667.8
163,Indiana,2021,425863.8,92.567,3977956.0,57254.0,6815907.0,42806.32,105.89333333333333,142.3075,37292.7,9248.2,69236.0,185235.3
164,Indiana,2022,473492.9,91.884,4107840.0,58867.0,6844545.0,47126.05,108.1975,140.42583333333334,39056.7,11963.1,77528.9,205970.8
165,Iowa,2012,158553.1,90.843,1993406.0,42539.0,3082748.0,32497.24,84.38416666666667,196.25250000000003,11406.8,3926.5,25890.4,62883.6
166,Iowa,2013,162415.0,90.94,2019403.0,43009.0,3102460.0,33091.45,82.24666666666667,189.61166666666668,11897.1,4030.9,26116.4,64651.4
167,Iowa,2014,173734.2,91.07,2038999.0,44120.0,3121790.0,34153.13,78.59750000000001,177.24416666666664,12391.6,4156.2,26556.3,67671.1
168,Iowa,2015,181471.7,89.632,2059821.0,45442.0,3136310.0,34607.58,81.34083333333334,175.37750000000003,13003.1,4313.0,25835.5,69701.5
169,Iowa,2016,183834.8,89.56,2066676.0,45669.0,3149607.0,35629.33,83.28833333333334,179.365,13569.7,4555.4,26037.2,72611.5
170,Iowa,2017,187125.0,89.257,2061826.0,46767.0,3162752.0,36788.37,83.04666666666667,177.0725,14189.7,4623.8,26897.7,75265.0
171,Iowa,2018,193155.1,91.841,2076505.0,48773.0,3171540.0,37815.82,67.41083333333333,132.38750000000002,14627.7,4625.8,27942.0,77364.6
172,Iowa,2019,196262.5,91.814,2071286.0,49674.0,3183858.0,38636.27,83.88833333333334,156.92,14634.0,4612.4,28145.9,80232.5
173,Iowa,2020,198609.6,90.606,2010886.0,52621.0,3191141.0,37943.54,84.0025,145.26250000000002,15687.1,5007.4,28592.4,76803.6
174,Iowa,2021,223870.9,89.759,2055845.0,58195.0,3198613.0,42373.18,89.60833333333333,129.79749999999999,18750.4,4714.6,32319.7,84465.3
175,Iowa,2022,242752.9,88.356,2094636.0,61515.0,3202820.0,45743.25,86.02166666666666,121.37333333333333,19097.9,5350.2,35411.7,91997.9
176,Kansas,2012,141812.1,93.313,1841411.0,44913.0,2891164.0,32797.97,159.8075,267.755,10016.9,2648.6,22071.2,62736.2
177,Kansas,2013,144999.3,92.63,1868968.0,45669.0,2901727.0,33223.49,147.27583333333334,250.43083333333334,10054.3,2683.5,22477.3,63873.9
178,Kansas,2014,150276.1,93.188,1895912.0,46289.0,2911564.0,34093.63,136.85583333333332,228.38666666666668,10482.2,2800.2,23038.2,65745.5
179,Kansas,2015,155699.0,92.873,1910992.0,46597.0,2922703.0,34838.81,146.7408333333333,235.38916666666668,11085.1,2776.2,22875.1,67863.3
180,Kansas,2016,162144.5,92.132,1916188.0,46717.0,2927251.0,35642.59,140.87583333333333,228.51666666666665,11269.2,2880.1,23093.2,69972.4
181,Kansas,2017,166273.6,91.563,1913433.0,48271.0,2927448.0,36709.35,143.88166666666666,232.66,11441.4,2919.5,23682.0,72341.3
182,Kansas,2018,173373.0,92.508,1925926.0,50282.0,2931587.0,37965.78,148.19083333333333,226.87749999999997,11777.2,2989.6,24495.2,75027.7
183,Kansas,2019,176068.8,92.764,1923958.0,52156.0,2933756.0,39011.73,143.215,201.03666666666666,11892.9,3075.8,24936.5,77621.5
184,Kansas,2020,177209.6,92.264,1878516.0,55100.0,2938172.0,38605.53,144.42499999999998,196.6875,12445.5,3650.7,25629.3,75354.9
185,Kansas,2021,191738.1,91.247,1920138.0,59013.0,2938338.0,42598.3,142.7575,193.87166666666667,14885.6,3210.6,28792.4,81490.2
186,Kansas,2022,212611.6,89.676,1953150.0,62313.0,2937324.0,46659.85,140.84,181.19083333333333,15435.7,3768.6,31842.4,89777.0
187,Kentucky,2012,178370.6,90.646,2389067.0,35630.0,4394147.0,29857.69,83.22083333333333,215.64083333333335,13400.5,4230.1,36042.0,81756.6
188,Kentucky,2013,184920.6,90.845,2407581.0,35758.0,4415978.0,30452.3,78.60916666666667,199.5975,13638.0,4334.8,36305.8,84532.9
189,Kentucky,2014,188326.4,91.025,2439916.0,37225.0,4428854.0,31277.8,79.205,189.82083333333333,14019.8,4205.7,37197.3,87307.7
190,Kentucky,2015,194621.2,90.699,2473925.0,38766.0,4443778.0,32337.62,83.71,184.56499999999997,15108.8,4374.8,36993.8,91598.6
191,Kentucky,2016,197944.8,90.648,2498703.0,39319.0,4457755.0,33299.95,85.17583333333333,184.64,15730.5,4519.1,37707.0,95005.5
192,Kentucky,2017,203564.0,90.031,2520120.0,40403.0,4475829.0,34454.94,84.08749999999999,180.81916666666666,16161.5,4521.4,39517.2,98535.6
193,Kentucky,2018,210509.1,89.074,2546178.0,41658.0,4487302.0,35939.64,82.5675,167.82416666666666,16804.4,4579.9,40923.1,103544.5
194,Kentucky,2019,220678.8,89.591,2549331.0,43466.0,4498163.0,36729.42,83.48583333333333,160.59416666666667,17029.9,4509.6,41380.5,106804.5
195,Kentucky,2020,218539.7,89.084,2470655.0,47052.0,4508318.0,36539.04,87.55333333333333,152.65333333333334,18055.5,5101.3,42680.5,103993.6
196,Kentucky,2021,238428.9,89.256,2556381.0,51769.0,4507583.0,41199.0,86.44583333333333,136.36666666666667,22068.1,4917.9,47196.3,116443.6
197,Kentucky,2022,261540.7,89.391,2637171.0,52615.0,4519233.0,44587.92,79.58833333333334,125.30333333333333,22686.2,6015.7,50853.5,127963.5
198,Louisiana,2012,235960.9,92.878,2601173.0,40662.0,4603590.0,31287.67,152.67166666666665,295.21250000000003,16375.2,3154.1,37610.7,90049.6
199,Louisiana,2013,231652.7,92.889,2642042.0,40996.0,4628239.0,32049.6,146.32583333333332,298.4558333333333,16975.2,3164.9,38195.2,93162.8
200,Louisiana,2014,240965.0,93.373,2684809.0,42533.0,4648813.0,32990.72,145.21916666666667,287.0983333333333,17378.0,3172.7,39022.3,96967.4
201,Louisiana,2015,234324.2,92.81,2696540.0,42484.0,4670550.0,33707.29,150.11333333333334,281.72083333333336,18380.2,3191.6,38674.0,100377.4
202,Louisiana,2016,227440.3,93.58,2691337.0,42132.0,4685576.0,34426.23,153.01666666666668,275.48333333333335,18378.4,3352.5,38882.5,104045.8
203,Louisiana,2017,239830.7,92.392,2692542.0,43486.0,4678580.0,35577.5,152.5375,282.8333333333333,18644.3,3364.4,39885.5,107922.4
204,Louisiana,2018,256444.4,90.769,2725271.0,45465.0,4670033.0,36862.09,152.89666666666668,275.23,19133.8,3367.6,41107.6,111905.7
205,Louisiana,2019,257499.0,91.156,2717240.0,47015.0,4664544.0,37893.74,150.205,269.50416666666666,19234.6,3310.8,41646.2,115876.1
206,Louisiana,2020,236216.3,91.152,2592329.0,50133.0,4652301.0,37477.41,146.89416666666668,242.785,20163.7,3693.1,41901.9,112290.6
207,Louisiana,2021,267263.6,91.389,2693999.0,54948.0,4627971.0,42341.49,153.68666666666667,217.2325,24401.9,3378.3,47017.7,124535.6
208,Louisiana,2022,298424.5,90.465,2766938.0,55661.0,4593687.0,45870.08,152.91833333333332,236.55999999999997,25143.7,4182.8,50240.0,135329.1
209,Maine,2012,54018.5,97.011,796939.0,39992.0,1330954.0,37028.03,85.79083333333334,210.86166666666668,4696.4,2426.7,11795.9,32790.3
210,Maine,2013,54924.8,98.392,803582.0,39950.0,1332673.0,37867.13,79.30499999999999,192.05083333333334,4894.1,2521.8,12069.3,33501.1
211,Maine,2014,56537.4,92.632,810909.0,41137.0,1336617.0,38454.1,74.425,166.215,5155.1,2602.8,12495.1,33748.3
212,Maine,2015,58755.8,95.984,816586.0,42939.0,1335768.0,39641.24,72.63,153.29083333333332,5398.3,2715.5,12244.4,35308.8
213,Maine,2016,61092.2,97.318,826729.0,44234.0,1340292.0,41395.76,69.69,138.38583333333332,5640.2,2897.9,12468.9,37373.3
214,Maine,2017,63000.6,97.608,834280.0,45905.0,1344956.0,43241.34,70.91916666666667,126.60083333333334,5857.4,3083.1,13159.5,39140.8
215,Maine,2018,66216.0,97.683,843918.0,47729.0,1350606.0,45250.13,72.84833333333333,113.99666666666667,6075.9,3184.1,13821.0,41218.1
216,Maine,2019,69708.7,95.618,842370.0,49983.0,1357523.0,46367.98,73.60000000000001,105.07916666666667,6237.6,3321.9,14321.4,42386.6
217,Maine,2020,72077.1,97.886,812930.0,54295.0,1364571.0,46218.92,79.48583333333333,97.95333333333333,6709.7,3551.1,14776.2,41583.1
218,Maine,2021,79193.9,97.318,849228.0,59168.0,1378931.0,51850.46,78.0625,96.43,8100.5,3592.9,16809.8,46587.8
219,Maine,2022,86493.3,100.698,867062.0,61620.0,1390922.0,56310.42,76.13166666666667,102.83583333333333,8334.9,3976.7,18495.1,51493.4
220,Maryland,2012,331869.0,107.41,3438930.0,52481.0,5914854.0,39062.44,122.57000000000001,230.9466666666667,23744.3,7277.6,49330.0,157974.2
221,Maryland,2013,339895.8,108.543,3494007.0,51871.0,5963434.0,39608.4,118.64583333333333,222.9075,23693.8,7156.1,49894.0,162614.3
222,Maryland,2014,351743.1,107.909,3537737.0,53075.0,6010059.0,40549.62,110.8725,211.16166666666666,24043.5,7400.3,51062.0,168600.1
223,Maryland,2015,367314.1,107.944,3602930.0,55032.0,6050280.0,41317.38,110.8575,196.91750000000002,25114.6,7523.7,50710.2,174156.9
224,Maryland,2016,386496.4,107.262,3659063.0,56606.0,6080556.0,42118.94,116.32166666666666,194.59916666666666,25451.2,7964.3,50907.3,179748.1
225,Maryland,2017,399714.5,106.743,3696841.0,58245.0,6113486.0,43142.44,120.21499999999999,185.27333333333334,25851.2,7966.0,52650.6,185248.9
226,Maryland,2018,410771.8,106.355,3752933.0,59915.0,6139211.0,44608.5,118.43083333333334,170.66083333333333,26498.8,9025.3,54394.7,192967.5
227,Maryland,2019,419391.6,105.086,3744561.0,61723.0,6163769.0,45349.64,117.20583333333333,163.71,27168.2,8765.3,55112.0,197244.5
228,Maryland,2020,413455.4,106.386,3621684.0,64840.0,6177935.0,43711.9,100.06083333333333,135.54416666666665,28303.6,10052.4,55919.1,185826.6
229,Maryland,2021,447753.6,106.12,3750186.0,69032.0,6179403.0,48728.4,99.52416666666666,123.97250000000001,34086.3,8825.7,63397.4,203628.7
230,Maryland,2022,484907.6,104.93,3866987.0,71013.0,6192440.0,52766.68,110.9775,143.31,35368.1,10550.8,69620.2,221766.3
231,Massachusetts,2012,441373.9,104.444,4253382.0,56259.0,6693932.0,44080.25,107.71083333333333,180.74249999999998,28281.4,11871.7,59057.3,207731.4
232,Massachusetts,2013,452580.4,103.316,4353531.0,56119.0,6757991.0,44939.85,104.97833333333334,171.81416666666667,29108.9,12061.7,60231.6,214362.6
233,Massachusetts,2014,469824.9,104.535,4447709.0,58129.0,6820869.0,46326.4,101.96916666666668,156.00833333333333,30129.9,12226.7,62116.5,223739.9
234,Massachusetts,2015,497767.0,104.948,4631415.0,61536.0,6866661.0,47715.4,98.67083333333333,140.67416666666668,31237.8,12342.1,62511.8,233895.9
235,Massachusetts,2016,514108.0,108.185,4709800.0,63476.0,6909664.0,49052.4,97.6425,129.97666666666666,32086.6,12876.4,63863.3,242985.7
236,Massachusetts,2017,530129.4,107.258,4778364.0,66069.0,6959114.0,50984.44,91.505,120.10916666666667,33223.4,13253.5,67177.0,254406.0
237,Massachusetts,2018,559605.0,107.264,4855037.0,69191.0,6994446.0,52860.5,89.09416666666665,106.49333333333334,34323.0,14224.5,69274.6,266132.2
238,Massachusetts,2019,588069.5,107.165,4872942.0,72381.0,7016781.0,54499.56,88.65083333333332,98.77333333333333,35005.8,14191.8,71609.2,275796.5
239,Massachusetts,2020,592653.0,109.097,4600324.0,77470.0,6994598.0,52792.64,82.39999999999999,89.11833333333334,36087.1,15384.2,72269.7,260906.5
240,Massachusetts,2021,649511.4,106.731,4777277.0,83703.0,7000474.0,59497.57,82.71416666666666,84.0725,43455.4,14948.4,81436.8,291619.0
241,Massachusetts,2022,695612.1,109.435,4940149.0,85712.0,7022468.0,64621.75,87.40249999999999,90.51833333333333,44693.5,17870.8,87491.7,321619.0
242,Michigan,2012,426141.1,95.019,5234356.0,39042.0,9921001.0,33396.42,142.71333333333334,211.94833333333335,31498.3,18250.4,74192.3,225635.4
243,Michigan,2013,441470.8,95.232,5323127.0,39292.0,9947598.0,34337.19,134.87,195.26250000000002,32769.6,18633.5,75737.4,233065.6
244,Michigan,2014,456123.5,95.485,5412068.0,40829.0,9974914.0,35626.88,128.58833333333334,171.7541666666667,34925.4,18439.0,78091.3,242358.4
245,Michigan,2015,479222.7,93.725,5501527.0,42982.0,9987448.0,36754.35,127.1725,162.22333333333333,37141.3,19277.3,77754.0,252186.9
246,Michigan,2016,494752.5,93.631,5575793.0,44080.0,10017194.0,38080.67,134.98999999999998,161.08416666666668,38859.0,20125.4,79541.4,263061.2
247,Michigan,2017,505101.5,92.704,5631139.0,45264.0,10049914.0,39449.9,126.46083333333333,152.01583333333335,40618.6,20453.0,83789.0,272060.5
248,Michigan,2018,525240.8,94.458,5715122.0,47089.0,10070532.0,40990.97,130.17249999999999,140.2275,42585.0,20903.3,87285.2,282930.6
249,Michigan,2019,540237.3,95.356,5713441.0,48577.0,10078126.0,42090.72,131.74083333333334,134.37083333333334,43282.9,20754.0,89173.9,291738.8
250,Michigan,2020,529675.6,94.424,5388050.0,52787.0,10072703.0,41188.39,132.11583333333334,118.86583333333334,45394.5,22252.0,89651.3,279832.7
251,Michigan,2021,575116.4,94.254,5602299.0,56898.0,10041351.0,46221.74,134.68916666666667,116.75916666666666,54760.3,21937.1,102802.5,306566.0
252,Michigan,2022,627009.1,93.609,5807078.0,57907.0,10050877.0,49741.81,137.84666666666666,132.62166666666667,56651.8,24799.3,110339.3,332957.7
253,Minnesota,2012,298641.4,97.391,3505288.0,47399.0,5388902.0,38165.34,67.79583333333333,213.53416666666666,23139.6,8402.6,43671.8,138857.9
254,Minnesota,2013,311752.1,97.487,3555540.0,47413.0,5431187.0,39023.27,65.64999999999999,202.79,24065.1,8675.8,43883.1,143994.5
255,Minnesota,2014,324701.5,98.338,3603670.0,49357.0,5474193.0,40100.45,63.67583333333334,191.95916666666668,24972.2,8864.6,44230.5,150315.0
256,Minnesota,2015,336762.0,97.713,3662633.0,51353.0,5510593.0,41010.14,66.01166666666667,185.92166666666665,26392.7,9154.1,43196.0,156401.5
257,Minnesota,2016,345248.8,97.273,3697854.0,51982.0,5557028.0,42019.98,66.12833333333333,177.76,27595.0,9664.6,43426.0,162485.1
258,Minnesota,2017,354721.9,96.765,3735638.0,53826.0,5606013.0,43519.09,65.00083333333333,183.66916666666665,29423.9,10003.6,44951.3,169593.4
259,Minnesota,2018,372439.2,99.577,3776940.0,56201.0,5650556.0,45228.01,63.79666666666666,166.81833333333333,31049.0,10160.9,46930.0,177584.5
260,Minnesota,2019,384850.2,98.751,3782570.0,57903.0,5686910.0,45930.37,68.35583333333334,174.85666666666668,31874.9,10206.7,47422.1,181904.8
261,Minnesota,2020,378746.6,97.749,3607176.0,61327.0,5710735.0,43681.7,70.10416666666667,179.14666666666668,33190.2,11294.0,47691.9,168572.5
262,Minnesota,2021,416538.7,98.328,3711161.0,67452.0,5718660.0,48951.12,73.88333333333334,172.73166666666668,38597.9,10929.1,53772.6,187564.3
263,Minnesota,2022,454992.8,97.465,3804210.0,69813.0,5721621.0,53460.51,71.16333333333334,165.95333333333335,40123.1,12519.9,59341.1,206416.7
264,Mississippi,2012,100905.4,88.521,1519741.0,33441.0,2982356.0,27445.85,123.91666666666667,259.755,7980.4,1891.7,22561.9,51311.0
265,Mississippi,2013,103042.6,88.843,1532509.0,33976.0,2986599.0,28018.22,122.7425,259.41833333333335,8417.6,1916.6,22876.8,52384.8
266,Mississippi,2014,105219.5,88.92,1556854.0,34623.0,2987656.0,28762.45,124.39916666666666,273.115,8766.6,1831.3,23411.8,53753.9
267,Mississippi,2015,106623.9,88.233,1568216.0,35100.0,2985000.0,29487.71,118.04583333333333,258.2291666666667,9269.1,1901.4,22948.5,55803.2
268,Mississippi,2016,107795.4,88.469,1581199.0,35638.0,2984364.0,30194.47,122.64583333333333,247.82083333333333,9653.9,2012.8,22977.4,57480.0
269,Mississippi,2017,110281.4,87.808,1592198.0,36579.0,2983448.0,30951.37,117.29333333333334,239.105,9903.0,1971.9,23653.9,58784.9
270,Mississippi,2018,113166.4,86.166,1602929.0,37624.0,2974657.0,31766.69,109.91083333333334,222.64166666666665,10211.4,1838.0,24374.5,59909.1
271,Mississippi,2019,116135.7,86.521,1606893.0,39142.0,2969008.0,32405.27,114.42750000000001,216.66666666666666,10253.7,1821.6,24694.9,61263.0
272,Mississippi,2020,116709.4,85.58,1572607.0,42446.0,2958536.0,32810.05,119.57166666666666,196.8225,11130.3,2155.3,25662.3,60277.1
273,Mississippi,2021,129944.7,86.229,1624491.0,46906.0,2947209.0,36850.66,116.3675,159.68416666666667,13541.4,1866.4,28729.7,66335.5
274,Mississippi,2022,142762.3,87.326,1665251.0,47086.0,2941939.0,40124.39,109.5175,144.55083333333334,13837.7,2666.8,31286.5,72919.4
275,Missouri,2012,272482.4,92.456,3528185.0,39983.0,6026733.0,34100.28,122.03916666666667,278.87333333333333,21020.1,6089.7,50202.3,134290.9
276,Missouri,2013,282659.7,92.837,3565833.0,40121.0,6044008.0,34668.2,115.54,263.215,21289.7,6255.8,50304.6,137940.6
277,Missouri,2014,289340.7,93.373,3597160.0,41380.0,6060462.0,35564.98,114.84083333333332,244.58083333333335,22039.8,6291.0,51008.0,142492.4
278,Missouri,2015,299597.7,92.296,3655817.0,42677.0,6077056.0,36445.69,120.4425,239.93416666666667,23275.0,6479.2,49908.0,148299.4
279,Missouri,2016,304143.3,91.704,3700543.0,43826.0,6093343.0,37330.72,123.3775,235.52333333333334,23879.3,6974.5,50219.5,153370.1
280,Missouri,2017,311273.8,91.718,3735873.0,44781.0,6113654.0,38476.97,120.26416666666667,238.21666666666667,24741.7,7079.7,52156.3,158336.9
281,Missouri,2018,320451.6,91.792,3777370.0,46680.0,6128572.0,39942.5,116.61666666666667,223.14333333333335,25564.0,7393.8,54099.2,165127.4
282,Missouri,2019,334750.2,92.522,3778389.0,48425.0,6143374.0,40776.94,116.91666666666667,222.14583333333334,25735.1,7279.9,55120.6,169652.3
283,Missouri,2020,335285.1,92.157,3690891.0,52143.0,6154744.0,40311.25,121.27499999999999,216.5391666666667,27406.6,8276.4,56418.7,164280.0
284,Missouri,2021,366441.5,92.003,3792568.0,56630.0,6171374.0,45000.66,121.89999999999999,201.17333333333332,33374.3,7899.4,64668.8,179672.8
285,Missouri,2022,400265.1,91.04,3880656.0,58986.0,6179414.0,49034.12,119.02666666666666,201.6158333333333,34364.3,9193.4,72315.9,196321.8
286,Montana,2012,42150.2,93.207,633197.0,40217.0,1005475.0,35268.9,96.51083333333334,218.83749999999998,4273.0,1276.1,8666.5,22522.5
287,Montana,2013,43584.0,92.881,642072.0,40142.0,1016046.0,36100.33,93.18583333333333,218.02916666666667,4541.1,1307.9,8674.8,23463.7
288,Montana,2014,45203.8,95.172,649048.0,41850.0,1025126.0,37524.07,96.705,210.47833333333335,4778.7,1311.8,8904.9,24783.2
289,Montana,2015,46542.4,95.01,660573.0,43095.0,1034544.0,38016.07,93.55916666666667,221.89083333333335,5049.7,1352.3,8686.6,25593.0
290,Montana,2016,45859.4,93.866,667793.0,43301.0,1045768.0,38359.27,100.37166666666667,226.96083333333334,5145.9,1426.6,8603.7,26365.4
291,Montana,2017,48470.5,94.244,674409.0,45369.0,1058073.0,39681.95,100.26833333333333,218.32666666666668,5292.2,1476.9,8870.2,27824.0
292,Montana,2018,51152.1,92.371,684043.0,47208.0,1066610.0,41573.4,97.49666666666667,210.9325,5524.6,1519.9,9305.7,29512.3
293,Montana,2019,52715.6,94.25,685589.0,49654.0,1075495.0,42615.17,101.43166666666667,189.595,5598.8,1568.9,9468.1,30765.5
294,Montana,2020,52958.8,91.973,683384.0,53487.0,1087230.0,42191.16,107.77,181.965,6241.8,1791.9,9787.8,29841.8
295,Montana,2021,60399.7,91.4,714924.0,58973.0,1106522.0,48257.6,111.745,170.56416666666667,7785.2,1741.2,11401.3,34211.5
296,Montana,2022,68702.0,90.164,736656.0,61610.0,1122095.0,52604.37,104.39999999999999,165.08333333333334,8063.0,2095.6,12893.6,38070.5
297,Nebraska,2012,102949.7,92.325,1251331.0,46385.0,1859140.0,34608.64,101.33833333333332,238.82083333333333,7751.3,2132.1,15425.3,41165.6
298,Nebraska,2013,107247.0,91.876,1266360.0,45911.0,1873681.0,35112.54,98.54166666666667,227.30416666666667,8046.8,2224.1,15566.2,42176.7
299,Nebraska,2014,112763.3,91.839,1282738.0,48187.0,1890242.0,36168.12,95.0025,217.795,8342.8,2279.2,15814.3,44209.4
300,Nebraska,2015,117402.3,91.256,1302877.0,49708.0,1904766.0,36880.17,98.22666666666667,191.67499999999998,8680.0,2348.0,15397.0,46171.1
301,Nebraska,2016,119389.8,90.869,1310927.0,48688.0,1921616.0,37859.8,106.05,192.26,8948.0,2495.4,15679.7,48124.3
302,Nebraska,2017,123219.9,89.833,1317730.0,49533.0,1934551.0,38865.04,105.81666666666666,193.34083333333334,9147.2,2554.1,16150.9,49888.3
303,Nebraska,2018,127954.4,91.88,1330415.0,51436.0,1945483.0,39992.64,105.73666666666666,177.66750000000002,9438.5,2494.3,16653.8,51712.6
304,Nebraska,2019,132848.2,92.542,1328396.0,53513.0,1954962.0,40934.61,106.72333333333334,174.02416666666667,9598.1,2624.2,16831.1,53596.4
305,Nebraska,2020,135149.4,92.81,1305658.0,56745.0,1963387.0,40408.84,107.58,159.50083333333333,10331.9,2960.4,17117.8,51888.5
306,Nebraska,2021,150836.1,91.943,1334512.0,63517.0,1964537.0,45713.11,93.86416666666668,115.60333333333334,12525.9,2821.3,19517.2,57762.0
307,Nebraska,2022,167480.2,89.874,1358642.0,66923.0,1972246.0,49743.69,113.91333333333334,163.3375,12852.2,3515.8,21754.7,63499.9
308,Nevada,2012,130238.2,101.595,1519210.0,39680.0,2739290.0,33406.21,163.17583333333334,235.535,9439.3,2569.6,21216.2,60853.8
309,Nevada,2013,133592.5,99.816,1561287.0,39331.0,2769188.0,34274.56,157.32500000000002,237.85916666666665,10147.4,2701.7,22134.1,62631.2
310,Nevada,2014,136918.4,99.16,1608537.0,41126.0,2808779.0,35383.28,156.4475,220.295,10832.8,2811.6,23427.5,65123.5
311,Nevada,2015,145786.8,98.588,1664654.0,43799.0,2855986.0,36296.89,160.74166666666667,223.8216666666667,11437.9,2934.8,23892.8,68332.8
312,Nevada,2016,153318.0,97.172,1724751.0,44715.0,2904614.0,37346.75,165.35166666666666,215.88250000000002,11998.9,3228.5,24343.3,72135.7
313,Nevada,2017,163199.1,99.827,1780614.0,46991.0,2954768.0,39019.85,171.10083333333333,218.65083333333334,12669.9,3451.1,25892.8,76731.9
314,Nevada,2018,172547.9,96.198,1848890.0,49289.0,3011007.0,40618.44,174.53333333333333,204.62666666666667,13662.9,3816.4,27165.8,81473.7
315,Nevada,2019,184611.1,98.847,1884199.0,51942.0,3068665.0,41798.86,166.71666666666667,195.745,14074.3,3836.5,28191.8,86000.6
316,Nevada,2020,176296.3,97.188,1770765.0,54656.0,3116967.0,40732.48,168.87166666666667,168.05666666666667,15277.5,4533.3,28806.4,82877.9
317,Nevada,2021,201705.7,95.413,1912664.0,60775.0,3148141.0,46442.23,172.81000000000003,188.19333333333336,19368.1,4309.8,33249.3,93589.3
318,Nevada,2022,227320.6,96.324,2042787.0,62493.0,3176116.0,51308.83,170.25833333333333,201.44000000000003,20499.9,5411.2,37124.6,105338.3
319,New Hampshire,2012,68412.0,102.937,824378.0,50715.0,1327372.0,42583.39,116.6925,195.29416666666668,5511.8,2404.8,12254.3,38757.9
320,New Hampshire,2013,70897.4,102.84,835032.0,50423.0,1331163.0,43628.39,110.02833333333332,183.67333333333332,5835.7,2472.1,12623.9,39617.0
321,New Hampshire,2014,73455.1,102.144,844521.0,51988.0,1339344.0,44325.65,106.48583333333333,162.99333333333334,6159.2,2501.2,13017.6,40190.5
322,New Hampshire,2015,77385.8,103.956,860652.0,54161.0,1343764.0,45936.56,103.38416666666666,145.63833333333335,6504.4,2601.9,12812.3,42411.2
323,New Hampshire,2016,79759.7,105.144,873123.0,55677.0,1351178.0,46875.54,98.35083333333334,125.78916666666667,6656.8,2877.2,13000.4,43680.1
324,New Hampshire,2017,81179.6,105.765,882481.0,57878.0,1359076.0,49080.55,99.20666666666666,115.67416666666668,6842.0,2896.0,13589.2,46272.9
325,New Hampshire,2018,83859.4,103.53,892584.0,60335.0,1364941.0,50568.85,99.605,105.88666666666667,7097.1,3110.2,14086.9,47839.5
326,New Hampshire,2019,87868.2,104.02,890078.0,63946.0,1371857.0,51891.27,95.97250000000001,100.60916666666667,7275.2,3202.8,14444.9,49467.3
327,New Hampshire,2020,88527.7,105.271,858485.0,67535.0,1378756.0,51384.8,87.46416666666666,92.28916666666667,7710.6,3490.7,14870.4,48266.1
328,New Hampshire,2021,99092.6,102.565,894657.0,73672.0,1387677.0,56712.33,86.575,87.27583333333332,9471.6,3365.1,16520.9,52705.9
329,New Hampshire,2022,106488.0,107.809,919580.0,74952.0,1396678.0,62356.32,87.4975,87.355,9943.2,4028.9,18759.4,58389.2
330,New Jersey,2012,516098.2,109.42,5053885.0,54235.0,8935248.0,41732.88,78.90333333333334,171.27416666666667,37676.4,21914.3,81705.7,253511.5
331,New Jersey,2013,534212.1,109.077,5133106.0,54365.0,8987175.0,42451.96,75.97,157.22333333333333,39010.8,22686.2,82976.9,259535.4
332,New Jersey,2014,543824.1,109.154,5206898.0,56367.0,9036406.0,43672.3,71.565,144.8475,39677.4,23274.2,85794.0,269169.2
333,New Jersey,2015,565807.7,108.99,5303132.0,58408.0,9079218.0,44520.11,72.07416666666667,135.85,40570.1,24118.6,86373.6,277264.0
334,New Jersey,2016,578651.4,109.111,5391258.0,59776.0,9122374.0,45594.23,71.07666666666667,129.1075,40500.8,26022.5,86745.8,288680.9
335,New Jersey,2017,590086.7,109.323,5448785.0,61704.0,9176713.0,46727.22,66.2675,130.15833333333333,41332.5,26749.1,88986.8,298483.1
336,New Jersey,2018,619340.2,111.078,5550061.0,64198.0,9220072.0,48404.67,64.94916666666667,117.4575,42992.5,27566.9,92172.0,311129.9
337,New Jersey,2019,643317.7,111.183,5571281.0,67518.0,9259376.0,50117.92,65.59,111.72916666666667,44595.2,28591.3,95915.3,323550.2
338,New Jersey,2020,631552.3,110.712,5319518.0,70430.0,9272794.0,48954.58,59.71666666666667,96.8675,45185.9,29748.2,97232.2,311527.6
339,New Jersey,2021,695443.2,109.19,5585258.0,76040.0,9270541.0,55750.16,55.093333333333334,81.98583333333333,56164.1,29277.5,112761.2,347908.8
340,New Jersey,2022,758288.7,108.768,5874226.0,77456.0,9295227.0,60133.04,71.2325,118.96999999999998,57850.9,34557.3,119801.6,381297.8
341,New Mexico,2012,87681.0,96.483,1067145.0,35694.0,2090282.0,29949.16,155.41916666666665,306.705,6578.5,2037.6,15252.9,40770.8
342,New Mexico,2013,88773.3,95.561,1075551.0,34857.0,2096538.0,30455.88,118.36583333333333,306.65416666666664,6878.1,2058.4,15517.1,41456.7
343,New Mexico,2014,92523.4,95.469,1083585.0,36880.0,2095081.0,31619.35,114.32916666666667,298.52000000000004,7195.3,2057.9,15973.7,43076.2
344,New Mexico,2015,90779.4,95.414,1092272.0,37752.0,2096056.0,32290.74,121.65833333333335,325.35583333333335,7581.7,2132.5,15821.8,44279.7
345,New Mexico,2016,90476.0,94.452,1092375.0,38474.0,2099682.0,32895.41,122.80666666666667,333.395,7645.9,2232.8,15859.4,45564.6
346,New Mexico,2017,93210.1,95.72,1095489.0,39196.0,2101111.0,33851.66,127.66583333333334,326.6175,7864.3,2316.3,16294.2,46967.6
347,New Mexico,2018,98838.2,91.625,1110587.0,40976.0,2103161.0,35347.7,151.40083333333334,292.23833333333334,8285.3,2341.2,17178.0,48878.6
348,New Mexico,2019,103821.0,92.981,1116429.0,43223.0,2110180.0,35760.17,148.16583333333332,254.63333333333333,8316.0,2525.2,16678.3,50466.1
349,New Mexico,2020,100656.4,91.807,1068784.0,46483.0,2118606.0,35089.63,158.4675,242.15,8524.1,2771.3,17011.3,48805.7
350,New Mexico,2021,112978.5,89.835,1091164.0,50682.0,2117333.0,40120.57,172.25583333333336,235.04916666666668,10706.4,2715.5,19609.3,54633.0
351,New Mexico,2022,128138.8,90.911,1129393.0,53069.0,2113868.0,43778.7,178.74666666666667,267.21416666666664,10996.6,3251.3,21484.1,60061.7
352,New York,2012,1324471.3,109.733,11433058.0,52625.0,19758616.0,38844.93,80.2925,160.72583333333333,66466.8,31832.8,158985.3,542070.0
353,New York,2013,1364632.9,109.791,11619011.0,52874.0,19892558.0,39976.31,75.14666666666666,152.95166666666668,69111.2,31918.7,164036.9,562083.1
354,New York,2014,1434606.3,108.954,11865761.0,54496.0,20001317.0,41737.5,69.42416666666666,143.51583333333335,71958.6,32527.8,172099.6,590746.8
355,New York,2015,1498474.7,109.666,12099197.0,56608.0,20087023.0,42753.33,67.25333333333333,133.9,73263.6,33833.3,174195.3,611328.3
356,New York,2016,1556830.0,110.138,12259166.0,58400.0,20148134.0,44001.77,66.3225,129.34916666666666,74270.8,35488.7,175807.8,636475.0
357,New York,2017,1624800.7,109.945,12391361.0,62206.0,20187407.0,45817.51,63.84833333333333,127.35916666666667,76627.8,35939.1,183830.0,664479.0
358,New York,2018,1710665.6,109.587,12655123.0,64229.0,20219472.0,47932.28,63.32416666666666,121.09916666666668,80175.1,39377.7,192260.0,696730.3
359,New York,2019,1787470.9,109.418,12745397.0,66460.0,20220321.0,49759.58,62.8175,115.23916666666666,82256.3,37565.2,200777.5,723120.8
360,New York,2020,1773369.8,110.118,11871078.0,70395.0,20105171.0,47889.29,62.525,119.01166666666667,83023.6,41533.7,200025.0,679773.7
361,New York,2021,1923413.3,109.587,12226672.0,76040.0,19848276.0,53702.37,30.781666666666666,37.07083333333333,99900.0,37102.6,217973.1,748026.4
362,New York,2022,2052758.8,107.573,12780826.0,77382.0,19703747.0,59107.63,71.72416666666668,144.5225,103678.7,48619.0,235708.8,825254.3
363,North Carolina,2012,444063.2,93.471,5356134.0,38876.0,9719755.0,31233.29,116.04416666666667,280.44083333333333,33864.1,1213.9,75344.0,194371.9
364,North Carolina,2013,460946.4,93.683,5436745.0,38074.0,9800429.0,32005.91,108.43666666666667,257.58666666666664,36093.9,1243.6,77944.9,199632.9
365,North Carolina,2014,482295.7,93.788,5568600.0,39880.0,9876774.0,33155.24,107.71833333333332,242.22333333333333,38301.0,1173.8,80657.5,208508.3
366,North Carolina,2015,508672.4,93.552,5694917.0,41632.0,9962464.0,34166.09,105.80583333333334,225.15666666666667,40624.8,1279.8,80212.6,219541.0
367,North Carolina,2016,528284.3,93.771,5825267.0,42596.0,10072775.0,35039.64,108.49666666666667,222.775,42412.7,1403.8,81665.9,228867.9
368,North Carolina,2017,546810.1,93.056,5919022.0,44219.0,10172498.0,36381.72,108.75333333333333,217.05583333333334,44301.8,975.6,85185.5,240605.7
369,North Carolina,2018,568037.3,92.916,6055657.0,46048.0,10273864.0,37776.39,105.07249999999999,191.47833333333335,46987.2,744.6,89641.3,251481.0
370,North Carolina,2019,592449.6,91.871,6148775.0,48374.0,10369657.0,39108.57,119.625,208.35500000000002,49598.0,357.2,93429.6,262514.9
371,North Carolina,2020,600683.3,91.345,6054094.0,51779.0,10449652.0,39080.24,117.97083333333335,189.85416666666666,53725.6,1932.7,98509.9,256139.4
372,North Carolina,2021,662147.1,93.76,6317582.0,57023.0,10564320.0,44406.15,119.20583333333333,176.57000000000002,67206.5,26.6,111485.0,290429.3
373,North Carolina,2022,728498.7,93.998,6568490.0,58871.0,10710793.0,48345.58,119.135,175.14166666666665,71637.8,1654.6,123392.5,322789.1
374,North Dakota,2012,52079.1,92.068,567381.0,56056.0,705347.0,40343.97,106.77749999999999,171.25583333333336,3597.8,1008.3,6581.4,18277.3
375,North Dakota,2013,54877.0,92.349,586758.0,54337.0,727655.0,41839.47,113.295,178.51,3795.9,1076.4,6989.0,19659.8
376,North Dakota,2014,61108.3,92.576,607113.0,56647.0,744628.0,43293.3,110.61166666666666,182.5325,3975.8,1140.4,7238.7,21022.9
377,North Dakota,2015,56952.2,91.178,597638.0,52972.0,762814.0,43351.46,108.74416666666667,195.25166666666667,4076.2,1217.9,6991.7,22001.2
378,North Dakota,2016,52666.3,91.708,576701.0,51298.0,764781.0,43092.07,110.28333333333335,193.22583333333333,3937.3,1310.9,6660.8,22357.9
379,North Dakota,2017,56530.2,88.706,573077.0,51830.0,766807.0,43074.98,110.06416666666667,184.99333333333334,3933.9,1389.3,6592.3,22504.0
380,North Dakota,2018,60377.1,91.212,578397.0,55173.0,771499.0,44505.7,113.59166666666665,169.3775,4108.0,1455.3,6757.7,23470.5
381,North Dakota,2019,60892.5,93.203,581324.0,56657.0,776548.0,45835.93,116.02583333333332,165.6925,4155.6,1561.1,6793.0,24645.2
382,North Dakota,2020,55568.5,91.814,560280.0,60368.0,779563.0,45046.78,133.86833333333334,178.83833333333334,4463.7,1663.1,6906.8,23746.3
383,North Dakota,2021,63838.5,90.939,567468.0,65975.0,777966.0,49368.1,130.46333333333334,178.38083333333336,5225.3,1633.8,7671.7,25509.7
384,North Dakota,2022,73780.0,88.721,582032.0,71042.0,781057.0,52995.11,123.10916666666667,169.17333333333332,5309.7,1896.1,8215.7,27866.8
385,Ohio,2012,543035.4,93.037,6605925.0,40279.0,11573400.0,32986.6,133.1183333333333,266.70416666666665,39327.9,18566.7,90088.2,252351.1
386,Ohio,2013,566419.9,93.285,6681685.0,40752.0,11612081.0,33964.76,125.98916666666668,251.69916666666666,41256.4,19095.0,92217.2,260928.0
387,Ohio,2014,597152.3,93.064,6771706.0,42277.0,11648921.0,34937.71,119.265,230.00750000000002,43054.6,19050.8,94780.1,269151.9
388,Ohio,2015,615275.5,92.269,6862150.0,43799.0,11674622.0,35896.77,122.72916666666667,219.39583333333334,45502.2,19656.2,94722.7,278856.4
389,Ohio,2016,627294.7,92.408,6931328.0,44574.0,11702354.0,36832.97,125.2975,218.09916666666666,46908.8,20564.4,95730.4,288393.1
390,Ohio,2017,652187.5,91.938,6987847.0,46114.0,11737959.0,38162.55,127.20583333333333,206.18916666666667,49209.9,20816.7,100267.4,298473.2
391,Ohio,2018,672540.1,92.932,7067380.0,47821.0,11763104.0,39378.89,128.35416666666666,186.33249999999998,51080.3,21121.0,102817.6,309320.0
392,Ohio,2019,702914.8,93.284,7071408.0,49395.0,11788679.0,40412.21,130.2575,174.4125,51896.9,21189.2,104510.6,319999.0
393,Ohio,2020,692683.7,91.932,6852799.0,52839.0,11798905.0,39762.11,129.055,159.47166666666666,55065.9,23267.6,107549.5,306533.9
394,Ohio,2021,763595.8,92.209,7048045.0,57330.0,11767344.0,44394.16,126.77833333333332,147.65083333333334,66234.1,22507.3,119438.8,336728.5
395,Ohio,2022,832660.7,91.513,7219914.0,58301.0,11777874.0,48042.32,127.06833333333333,156.02083333333334,68931.7,25471.7,131363.2,365541.4
396,Oklahoma,2012,175361.2,91.179,2211969.0,41905.0,3815196.0,29899.09,115.23583333333333,288.77416666666664,13754.8,1524.7,28548.8,71767.3
397,Oklahoma,2013,184104.6,91.465,2249096.0,43607.0,3847936.0,30562.38,109.5225,275.6983333333333,14423.5,1436.7,29142.6,74036.0
398,Oklahoma,2014,197074.1,91.779,2273648.0,45884.0,3871400.0,31580.88,109.71833333333335,254.495,14996.9,1476.5,29919.8,77345.5
399,Oklahoma,2015,187364.7,91.327,2287838.0,44279.0,3900900.0,31788.56,114.12166666666667,246.18583333333333,15728.1,1213.1,29216.5,79059.4
400,Oklahoma,2016,182238.8,91.48,2287131.0,42053.0,3916688.0,32268.21,114.57333333333334,254.67416666666668,15847.7,1405.9,29167.0,81369.8
401,Oklahoma,2017,192538.6,90.916,2291944.0,43873.0,3920316.0,33225.36,113.30583333333334,243.28166666666667,16104.9,1566.9,29926.2,84222.8
402,Oklahoma,2018,204193.9,89.659,2312261.0,46030.0,3928371.0,34621.91,115.77583333333332,244.28,16848.8,1462.7,31462.5,87696.4
403,Oklahoma,2019,205992.7,89.329,2309379.0,48177.0,3943727.0,35158.98,117.52416666666666,241.74750000000003,17004.4,1271.3,31727.6,89925.5
404,Oklahoma,2020,192516.2,89.634,2265288.0,50020.0,3965415.0,34812.6,121.005,230.26,18278.6,1791.2,32407.1,87360.7
405,Oklahoma,2021,217786.5,89.899,2311442.0,54492.0,3992238.0,39029.36,128.27666666666667,220.6475,22379.1,907.0,36643.3,96792.1
406,Oklahoma,2022,245976.2,88.791,2382391.0,57943.0,4026229.0,42278.57,132.77916666666667,197.76,22819.8,1539.6,40567.5,106835.9
407,Oregon,2012,173856.8,101.112,2219981.0,39128.0,3900064.0,33247.12,74.3425,271.7383333333333,13875.5,4408.2,29633.7,86156.8
408,Oregon,2013,178975.4,100.146,2260337.0,39462.0,3924055.0,34050.11,69.55083333333333,266.2475,14909.2,4503.3,30487.0,88218.2
409,Oregon,2014,187837.6,99.747,2323439.0,41654.0,3965375.0,35436.75,72.63250000000001,265.02500000000003,16090.9,4667.7,31652.8,92776.2
410,Oregon,2015,200592.6,101.144,2391179.0,44166.0,4018453.0,36853.19,49.91166666666667,165.18,17405.9,4858.8,31888.4,98798.4
411,Oregon,2016,211782.4,99.595,2450390.0,45467.0,4093165.0,37857.06,74.66916666666667,247.985,18559.0,5199.4,32110.2,104286.0
412,Oregon,2017,225534.5,101.486,2515986.0,47566.0,4147171.0,39693.78,77.74,252.47333333333333,20195.6,5329.6,33912.5,110508.8
413,Oregon,2018,238466.9,104.706,2570069.0,50209.0,4183398.0,41612.66,81.47416666666666,247.5875,21522.2,5580.9,35964.3,116595.8
414,Oregon,2019,248781.8,103.816,2579015.0,52190.0,4215959.0,42837.99,80.90583333333333,235.87166666666667,21945.8,5390.5,37091.8,121565.5
415,Oregon,2020,251577.7,103.246,2492991.0,56594.0,4243779.0,42236.98,79.69250000000001,231.90333333333334,23684.4,6194.9,38839.8,116720.2
416,Oregon,2021,275653.1,103.14,2558977.0,62379.0,4254280.0,47727.65,83.04333333333334,232.0275,29053.3,5700.9,44325.4,129668.2
417,Oregon,2022,298848.0,106.595,2620141.0,63986.0,4247372.0,52416.62,83.9575,250.12,30326.2,7217.3,49208.0,143098.6
418,Pennsylvania,2012,646434.3,98.025,7284595.0,45637.0,12816003.0,37513.73,86.6425,181.7675,50557.1,20197.7,106426.9,323792.2
419,Pennsylvania,2013,670767.4,97.858,7350212.0,45902.0,12847236.0,38296.49,81.4225,172.56500000000003,51309.0,20392.6,107682.4,333012.7
420,Pennsylvania,2014,695546.6,97.25,7434632.0,47467.0,12880907.0,39198.16,78.96583333333334,161.97666666666666,52008.9,20477.2,110021.4,342877.5
421,Pennsylvania,2015,716534.3,98.205,7510339.0,49291.0,12899169.0,40185.81,79.45416666666667,151.80833333333334,53329.0,20792.5,109076.9,355957.6
422,Pennsylvania,2016,733165.9,97.815,7593722.0,50572.0,12918673.0,41001.07,79.15,145.68833333333333,53952.2,21692.8,110465.1,365262.2
423,Pennsylvania,2017,754318.0,99.123,7662469.0,51886.0,12945701.0,42350.75,78.635,137.81083333333333,55331.5,22080.4,113785.8,379142.7
424,Pennsylvania,2018,780620.7,98.133,7763488.0,54468.0,12980946.0,44338.1,78.1425,125.12833333333333,58818.3,23074.2,118224.4,398507.8
425,Pennsylvania,2019,802233.1,97.958,7772024.0,56139.0,12991539.0,45537.85,76.78,117.2925,60292.2,23367.2,120879.0,410435.5
426,Pennsylvania,2020,777000.8,97.687,7412005.0,60245.0,12996143.0,44205.55,75.9225,117.46749999999999,63124.8,26726.2,121828.4,389548.3
427,Pennsylvania,2021,844431.8,96.11,7648692.0,63779.0,13015571.0,49051.38,117.12916666666666,133.01833333333335,75745.4,24699.6,138004.0,424682.3
428,Pennsylvania,2022,919741.1,96.166,7900283.0,65336.0,12984990.0,54116.87,85.48833333333333,135.10833333333332,78845.9,28684.8,154338.0,469523.1
429,Rhode Island,2012,51527.5,99.934,592954.0,45298.0,1063756.0,35779.54,93.68416666666667,216.06333333333336,3400.5,1788.0,7408.9,27251.3
430,Rhode Island,2013,52994.2,101.54,602374.0,45104.0,1068358.0,36785.61,88.70583333333333,205.38,3508.0,1868.0,7700.6,28091.6
431,Rhode Island,2014,54612.5,100.436,613103.0,46630.0,1073245.0,38073.6,85.80666666666667,182.75833333333333,3691.4,1854.0,8054.9,29116.0
432,Rhode Island,2015,56604.0,102.176,626983.0,48049.0,1077555.0,39029.19,87.1425,159.44166666666666,3870.2,1898.6,8210.9,29974.9
433,Rhode Island,2016,57714.6,101.725,633419.0,48515.0,1082431.0,39819.26,84.0725,150.27,3938.1,1993.7,8488.3,30675.2
434,Rhode Island,2017,58771.6,102.476,638851.0,50414.0,1085105.0,41036.49,83.47916666666667,147.18083333333334,4082.4,2053.7,8875.0,31571.4
435,Rhode Island,2018,60064.9,102.076,648727.0,52132.0,1091824.0,42595.33,81.41666666666667,139.55916666666667,4244.8,2111.3,9427.0,32834.7
436,Rhode Island,2019,62814.7,102.407,650999.0,55123.0,1094580.0,43725.08,79.86083333333333,128.95333333333335,4320.5,2147.9,9684.5,33855.7
437,Rhode Island,2020,62124.9,101.767,615667.0,59250.0,1096530.0,43227.91,70.70083333333334,104.88333333333333,4432.5,2298.1,9944.5,33023.7
438,Rhode Island,2021,67228.3,102.146,640210.0,62898.0,1097246.0,48910.18,66.11749999999999,103.21583333333332,5314.7,2194.3,11230.3,37121.5
439,Rhode Island,2022,72869.2,104.396,665432.0,64075.0,1099498.0,52366.53,68.31166666666667,108.58,5523.3,2544.2,11820.4,40233.2
440,South Carolina,2012,178503.9,93.36,2453323.0,35807.0,4699358.0,31125.29,188.74833333333333,320.2275,14643.7,2603.8,38566.6,93058.6
441,South Carolina,2013,186268.3,93.258,2500985.0,35923.0,4738067.0,31974.96,176.09916666666666,303.0158333333333,15623.7,2687.1,39822.4,96053.4
442,South Carolina,2014,195744.4,93.198,2564027.0,37755.0,4789723.0,33067.3,171.2891666666667,288.5516666666667,16494.5,2618.7,41285.2,100603.4
443,South Carolina,2015,207510.0,93.289,2636275.0,39598.0,4850136.0,33944.41,168.70333333333335,275.01666666666665,17745.3,2648.2,40630.9,106258.7
444,South Carolina,2016,217555.5,93.609,2700187.0,40752.0,4908404.0,34963.61,165.54166666666666,272.17833333333334,18740.6,2794.9,41612.7,111262.1
445,South Carolina,2017,224937.6,92.868,2759183.0,42385.0,4963742.0,36009.81,159.87166666666667,265.97666666666663,19663.4,2821.1,43277.3,115802.6
446,South Carolina,2018,236561.7,92.261,2843694.0,43817.0,5019607.0,37188.31,159.9775,255.2541666666667,20415.1,2900.4,45771.9,120483.7
447,South Carolina,2019,249575.7,91.494,2882128.0,46150.0,5076874.0,38389.13,158.22166666666666,243.67416666666668,21125.4,2976.6,47216.0,126555.3
448,South Carolina,2020,249430.2,90.874,2824762.0,48769.0,5132249.0,38211.28,150.3425,226.71666666666667,23187.0,3984.7,49192.8,123730.0
449,South Carolina,2021,272384.7,93.637,2937450.0,53220.0,5194274.0,43082.09,152.16166666666666,210.29916666666668,28524.1,3172.2,56466.4,138789.7
450,South Carolina,2022,301945.1,93.328,3049805.0,54378.0,5287935.0,46786.54,150.80416666666667,196.25250000000003,29766.9,4224.4,62151.6,155485.7
451,South Dakota,2012,44127.3,90.38,574997.0,44996.0,832730.0,33932.01,115.6475,183.62749999999997,2794.7,1049.3,6096.2,19365.4
452,South Dakota,2013,45498.6,90.265,581234.0,44988.0,841120.0,34569.38,119.10666666666667,169.31,2923.7,1057.6,6209.4,19943.9
453,South Dakota,2014,47159.9,89.448,589348.0,46732.0,847538.0,35488.2,110.0525,164.13166666666666,3082.6,1062.8,6419.8,20575.2
454,South Dakota,2015,48678.9,87.89,592644.0,48308.0,852029.0,36509.79,123.55166666666666,168.69833333333335,3274.5,1107.5,6405.6,21427.3
455,South Dakota,2016,49842.6,87.387,597263.0,48284.0,860557.0,37564.51,133.00166666666667,174.26999999999998,3362.3,1180.8,6492.0,22472.1
456,South Dakota,2017,51615.1,87.275,601254.0,49408.0,870094.0,38778.68,130.99916666666667,167.055,3463.6,1264.9,6626.5,23651.1
457,South Dakota,2018,53349.5,91.253,610179.0,51579.0,875247.0,40370.55,118.93416666666667,145.44750000000002,3609.1,1326.4,6827.9,24897.2
458,South Dakota,2019,55175.8,91.833,610159.0,54408.0,882486.0,41373.8,124.24,150.60833333333332,3671.1,1350.4,6880.4,25960.4
459,South Dakota,2020,56254.4,91.326,605992.0,59422.0,887948.0,41346.23,141.91666666666666,159.7875,4013.8,1821.2,7129.5,25570.0
460,South Dakota,2021,62984.8,90.089,624995.0,67014.0,896492.0,46142.97,137.90416666666667,150.0175,4833.3,1752.0,8085.7,28447.8
461,South Dakota,2022,69069.3,87.879,640975.0,69736.0,909723.0,49706.12,134.5,155.98166666666665,4959.3,2044.0,8972.5,31287.0
462,Tennessee,2012,285897.5,93.362,3635172.0,39079.0,6463610.0,31034.56,210.85833333333335,282.54583333333335,21014.2,3315.0,51837.4,127743.7
463,Tennessee,2013,296756.3,92.944,3689682.0,39099.0,6508290.0,31458.83,194.10583333333332,266.65333333333336,21799.2,3417.1,51543.4,131400.6
464,Tennessee,2014,307448.5,92.747,3772755.0,40225.0,6559452.0,32479.13,191.865,255.8075,22882.1,3314.0,53104.3,137058.8
465,Tennessee,2015,326382.5,92.777,3859498.0,41937.0,6613679.0,33223.31,190.34416666666667,248.72583333333333,24189.8,3337.8,51768.0,143770.6
466,Tennessee,2016,339350.2,93.781,3951859.0,42938.0,6673101.0,34296.56,194.09583333333333,241.68416666666667,25350.0,3551.2,52256.0,151258.5
467,Tennessee,2017,355417.5,93.074,4033011.0,44407.0,6740060.0,35606.82,192.39666666666668,247.04666666666665,26357.1,3481.2,54015.9,159619.1
468,Tennessee,2018,369713.2,89.66,4120203.0,46449.0,6806981.0,36767.58,184.78666666666666,239.08833333333334,27296.5,3654.7,56689.5,166290.2
469,Tennessee,2019,385833.0,91.255,4168023.0,48903.0,6862615.0,38045.02,176.57500000000002,223.73333333333335,28074.6,3606.0,58430.6,174583.1
470,Tennessee,2020,391563.2,90.499,4119507.0,51945.0,6927904.0,37795.18,172.91833333333332,211.08666666666667,29857.2,4688.5,60857.5,171126.7
471,Tennessee,2021,441952.5,90.595,4298499.0,57491.0,6965740.0,42882.05,174.01666666666665,189.6825,37539.2,3540.3,69849.9,191316.2
472,Tennessee,2022,488670.1,91.797,4480005.0,59099.0,7062217.0,46668.63,167.92916666666667,195.77833333333334,39022.8,4824.7,77071.2,213490.0
473,Texas,2012,1429588.0,97.646,15095946.0,43869.0,26052403.0,32898.62,134.1875,282.06166666666667,99469.9,19560.6,207622.0,549996.1
474,Texas,2013,1526781.9,98.048,15532152.0,44403.0,26433846.0,33819.71,127.9575,273.0316666666667,104278.4,20133.3,215353.6,574352.9
475,Texas,2014,1592177.6,98.364,16001898.0,46747.0,26903208.0,35209.92,124.53416666666668,252.97833333333332,111244.5,20197.7,226554.8,609460.6
476,Texas,2015,1585985.9,98.223,16414554.0,46767.0,27394564.0,36045.58,126.66916666666667,237.58833333333334,119568.1,20466.3,225510.4,642374.4
477,Texas,2016,1582981.5,98.024,16683280.0,45868.0,27825975.0,36754.73,129.40083333333334,231.4625,123459.9,20485.0,229356.0,669920.2
478,Texas,2017,1667313.0,97.372,17104407.0,48524.0,28188852.0,38070.65,129.11666666666667,214.55416666666667,129851.6,23561.2,240093.4,703222.9
479,Texas,2018,1808026.9,97.745,17608884.0,51346.0,28508309.0,39453.8,126.84333333333332,199.10416666666666,137720.2,23859.1,252018.9,735022.0
480,Texas,2019,1864872.3,98.503,17899918.0,53271.0,28856455.0,40553.89,128.24833333333333,201.39166666666665,140410.1,25098.6,258886.5,770945.1
481,Texas,2020,1802143.7,98.774,17697051.0,54795.0,29239570.0,40260.0,130.28,189.44083333333333,149657.9,28082.2,270487.2,757039.9
482,Texas,2021,2088972.3,98.404,18552126.0,60192.0,29570351.0,45607.66,135.91166666666666,183.73666666666668,190935.3,24394.6,309858.1,847841.0
483,Texas,2022,2436925.0,97.447,19447935.0,62812.0,30113488.0,49530.29,132.6825,194.86416666666665,200284.4,31074.5,343651.3,947594.1
484,Utah,2012,129431.4,99.423,1706044.0,35622.0,2861360.0,28718.16,97.42750000000001,248.39583333333334,10718.2,1972.9,19243.6,52211.2
485,Utah,2013,135344.3,98.575,1753374.0,36102.0,2909190.0,29407.12,95.675,253.6158333333333,11678.7,2018.7,19817.7,54054.5
486,Utah,2014,142627.7,97.934,1803933.0,37621.0,2951948.0,30707.01,89.1825,237.9908333333333,12605.2,2059.4,20846.8,57193.6
487,Utah,2015,149762.1,97.656,1865934.0,39881.0,3000449.0,31656.46,92.10000000000001,250.9416666666667,14043.3,2173.8,20970.9,59969.4
488,Utah,2016,159330.6,97.082,1933131.0,41295.0,3064277.0,33009.22,91.89833333333333,248.56499999999997,15390.4,2315.4,21715.1,64043.9
489,Utah,2017,172075.0,98.708,1995267.0,43030.0,3126779.0,34413.34,88.34333333333332,233.0775,16943.3,2294.1,22883.1,67776.4
490,Utah,2018,186805.7,95.977,2069738.0,45463.0,3181595.0,36272.44,86.79583333333333,201.29999999999998,18714.4,2465.8,24650.8,72039.0
491,Utah,2019,201312.2,97.259,2102960.0,48163.0,3233028.0,37748.95,87.12833333333333,183.60416666666666,19895.8,2894.3,25488.7,76658.8
492,Utah,2020,205647.9,95.262,2135682.0,51741.0,3284077.0,38179.13,87.69583333333333,199.535,23196.7,3606.0,26670.7,75515.7
493,Utah,2021,232561.9,94.573,2249697.0,58183.0,3339738.0,43889.22,91.2625,178.34916666666666,29293.4,3408.7,31119.7,86165.5
494,Utah,2022,261080.8,94.572,2342012.0,60607.0,3391011.0,48419.07,89.11583333333334,160.76500000000001,30731.0,4113.1,35369.5,98089.1
495,Vermont,2012,29325.6,100.05,421870.0,44858.0,630693.0,40768.81,56.73333333333333,208.94833333333335,2465.2,1502.1,5883.2,17364.2
496,Vermont,2013,29477.6,100.497,424997.0,45296.0,632859.0,41460.1,47.512499999999996,179.85416666666666,2565.7,1522.2,5974.5,17698.3
497,Vermont,2014,30359.4,98.076,429010.0,46894.0,633872.0,42771.57,39.14333333333333,128.17083333333332,2697.8,1519.4,6041.0,18372.9
498,Vermont,2015,31152.4,100.159,432560.0,48117.0,635912.0,43233.34,42.68333333333334,122.95083333333334,2772.8,1523.1,5902.1,18817.7
499,Vermont,2016,31840.2,98.332,433791.0,48827.0,636397.0,43651.37,45.41166666666666,126.47833333333334,2821.7,1567.2,5860.9,19097.1
500,Vermont,2017,32589.2,100.398,435861.0,50009.0,639087.0,44888.88,48.943333333333335,126.54833333333333,2920.7,1577.7,6013.5,19753.7
501,Vermont,2018,33482.6,100.239,437661.0,51691.0,640680.0,47254.32,50.84833333333333,109.915,3008.2,1618.7,6332.1,20934.6
502,Vermont,2019,34760.3,99.616,433446.0,54278.0,641847.0,48228.16,55.509166666666665,120.41916666666667,3029.7,1659.6,6421.2,21504.2
503,Vermont,2020,34414.9,102.132,409231.0,58131.0,642977.0,47281.47,50.61000000000001,106.40249999999999,3094.0,1748.4,6586.4,20720.6
504,Vermont,2021,37438.8,98.661,421138.0,60807.0,647210.0,51422.57,49.63333333333333,116.35000000000001,3653.3,1717.9,7107.1,22520.8
505,Vermont,2022,41011.6,100.99,430889.0,63523.0,648142.0,55583.04,50.655,142.62666666666667,3842.5,1916.4,7818.5,24364.7
506,Virginia,2012,445008.5,102.471,4856833.0,49049.0,8197400.0,37419.86,113.28583333333334,182.78083333333333,32645.7,6521.4,69855.1,204244.8
507,Virginia,2013,456911.6,103.515,4898617.0,48195.0,8270221.0,37932.42,108.44583333333333,173.97166666666666,33687.2,6136.5,70670.2,209352.1
508,Virginia,2014,465601.7,103.455,4953436.0,49760.0,8334206.0,38803.62,103.88083333333333,162.74833333333333,34456.2,6366.5,71945.8,216995.4
509,Virginia,2015,485540.9,103.591,5060270.0,51617.0,8390494.0,39385.91,103.29666666666667,157.73666666666665,35950.5,6207.4,71399.2,223117.4
510,Virginia,2016,499032.4,102.805,5156659.0,52656.0,8445270.0,40161.23,104.69166666666666,156.08916666666667,36690.3,6836.9,72188.8,230293.4
511,Virginia,2017,515167.2,101.267,5229126.0,54377.0,8503046.0,41090.25,102.1375,150.45166666666668,37820.6,6615.1,75503.0,236068.7
512,Virginia,2018,537158.3,102.018,5299069.0,56130.0,8547370.0,42642.03,99.84916666666668,140.3675,39715.8,7452.2,78317.6,246443.9
513,Virginia,2019,561701.8,100.056,5329257.0,58362.0,8597508.0,43709.53,100.07333333333334,138.33083333333335,40858.7,6947.4,80269.8,254664.4
514,Virginia,2020,565466.8,101.01,5224635.0,61400.0,8637615.0,42977.2,93.05666666666667,123.39,43757.4,9513.3,83037.9,244425.2
515,Virginia,2021,615984.7,102.329,5392104.0,66971.0,8658910.0,48238.7,95.35916666666667,122.06166666666667,52293.5,7054.4,93283.9,272117.1
516,Virginia,2022,666681.8,102.051,5551518.0,69673.0,8683414.0,52435.0,101.37083333333334,143.73749999999998,53876.9,8790.0,101341.4,300096.5
517,Washington,2012,398358.5,102.509,3909118.0,47053.0,6904658.0,37189.07,99.4425,314.2525,25838.0,8827.4,53315.4,177624.4
518,Washington,2013,416924.1,102.45,3991747.0,47448.0,6975001.0,38212.42,95.9175,311.28749999999997,27714.6,9237.3,55171.8,183645.3
519,Washington,2014,439851.2,103.861,4094370.0,50259.0,7068971.0,39576.84,94.11333333333333,310.77500000000003,29230.3,9974.8,56642.8,193894.4
520,Washington,2015,467590.6,104.344,4199164.0,52408.0,7181417.0,40650.28,95.71916666666668,291.065,30691.0,10125.3,56472.6,204763.0
521,Washington,2016,489790.2,105.555,4313722.0,54296.0,7316788.0,41932.53,96.76666666666667,291.2133333333333,33279.2,11453.6,56874.4,216657.7
522,Washington,2017,527169.4,107.451,4432271.0,56800.0,7447469.0,43731.64,94.77083333333333,265.44916666666666,35704.8,11204.0,60588.4,229396.8
523,Washington,2018,570337.8,107.124,4537842.0,59824.0,7549002.0,45818.04,96.64166666666667,246.54333333333332,38393.3,12086.6,64211.8,243275.3
524,Washington,2019,608643.4,107.979,4591912.0,63431.0,7638923.0,47285.2,93.05166666666668,228.42416666666668,39338.4,12666.8,66270.4,255599.2
525,Washington,2020,620132.9,107.869,4434976.0,67619.0,7727209.0,46207.46,86.69416666666666,233.87,42613.3,14687.2,70095.4,244345.9
526,Washington,2021,687702.3,108.754,4574714.0,73628.0,7743760.0,52347.94,89.67916666666667,255.5175,52365.9,14349.8,78901.8,274102.1
527,Washington,2022,742909.5,110.025,4764618.0,75580.0,7794123.0,57033.59,96.40916666666668,283.8525,54008.6,17054.3,85112.0,305406.2
528,West Virginia,2012,70303.1,89.267,918958.0,35233.0,1858706.0,30767.7,101.42,201.9025,5538.4,2654.6,14263.1,37386.5
529,West Virginia,2013,71758.6,90.2,914247.0,35093.0,1856588.0,31406.86,84.82833333333333,165.81666666666666,5663.7,2691.8,14513.0,38132.9
530,West Virginia,2014,73042.6,89.834,911678.0,36243.0,1852948.0,32157.24,89.43333333333334,164.27166666666668,5703.3,2648.3,14613.2,39269.3
531,West Virginia,2015,71713.4,90.535,904270.0,37068.0,1846270.0,33122.46,92.17666666666666,165.80833333333334,5932.9,2746.9,14431.0,40789.1
532,West Virginia,2016,71248.9,89.796,890209.0,37075.0,1835935.0,34297.84,94.4925,170.47166666666666,5921.9,2843.3,14532.3,42514.5
533,West Virginia,2017,75172.4,89.026,888822.0,38841.0,1822742.0,35124.01,87.6125,155.88833333333335,5945.5,2936.2,14726.4,43350.2
534,West Virginia,2018,79794.3,89.427,898085.0,41001.0,1810572.0,36710.17,74.235,124.68083333333334,6227.4,2984.7,15211.0,45027.9
535,West Virginia,2019,80242.4,88.521,881641.0,42615.0,1800441.0,37687.32,75.495,116.86666666666666,6277.5,3063.8,15333.9,46242.4
536,West Virginia,2020,77430.9,87.333,840976.0,44867.0,1791646.0,37451.82,80.96083333333333,121.46083333333333,6580.7,3364.0,15468.7,45051.0
537,West Virginia,2021,86550.5,91.002,864611.0,48792.0,1785618.0,41419.83,77.64833333333333,113.44083333333333,7838.8,3379.1,17284.4,48836.8
538,West Virginia,2022,98290.0,89.156,885312.0,50131.0,1774122.0,44975.2,80.31333333333333,110.81416666666667,7998.8,3823.4,18970.0,52822.6
539,Wisconsin,2012,276253.4,94.356,3499342.0,42639.0,5734379.0,34029.96,66.0525,204.26166666666666,19937.0,8926.7,45388.5,129815.2
540,Wisconsin,2013,283791.4,93.911,3539199.0,42685.0,5757584.0,34726.58,63.29583333333333,182.58249999999998,21105.0,9149.6,46111.8,132724.5
541,Wisconsin,2014,296169.9,93.832,3585944.0,44156.0,5778789.0,35811.91,61.74583333333333,174.86666666666667,22505.5,9186.7,47031.0,137413.1
542,Wisconsin,2015,308304.5,93.314,3624473.0,45928.0,5794536.0,36627.95,62.8125,161.84666666666666,23770.0,9262.8,46206.9,142265.2
543,Wisconsin,2016,315420.0,93.234,3657732.0,46595.0,5812814.0,37575.24,64.02583333333332,162.49416666666667,24871.9,9818.6,46642.6,146903.3
544,Wisconsin,2017,321886.8,93.54,3678859.0,48311.0,5836809.0,39051.87,67.6075,152.12416666666667,26070.6,10118.1,48551.9,153315.8
545,Wisconsin,2018,335144.3,93.951,3721096.0,50520.0,5859000.0,40430.4,64.71,131.53333333333333,27475.4,10309.2,50951.2,158455.1
546,Wisconsin,2019,346906.6,94.472,3717587.0,52370.0,5880280.0,41504.16,65.75,122.90583333333332,27828.6,10467.5,51983.2,164244.2
547,Wisconsin,2020,343272.2,92.665,3580658.0,55428.0,5897375.0,40490.98,68.91416666666667,124.97083333333335,29953.2,11450.3,52479.6,156357.7
548,Wisconsin,2021,368880.4,93.293,3682359.0,60449.0,5881608.0,45677.22,72.56,131.0533333333333,35493.3,10988.5,59484.2,173678.0
549,Wisconsin,2022,400621.4,92.416,3775679.0,61851.0,5903975.0,49816.28,70.93916666666667,115.87166666666667,36920.8,12425.8,67275.2,189918.0
550,Wyoming,2012,38679.3,96.284,396724.0,53597.0,575491.0,36878.6,102.13333333333333,194.55416666666667,2354.4,431.1,4922.5,13946.4
551,Wyoming,2013,39365.6,97.35,400510.0,52835.0,580937.0,37722.16,93.59583333333335,185.775,2429.8,424.4,4976.5,14507.9
552,Wyoming,2014,40573.9,97.424,406401.0,56251.0,580959.0,39563.03,90.76,166.285,2523.7,416.5,5072.5,15388.3
553,Wyoming,2015,38624.8,96.972,406045.0,56120.0,583671.0,39651.28,96.4375,161.70166666666668,2587.8,412.8,4992.5,15563.0
554,Wyoming,2016,36105.9,97.747,398144.0,53419.0,582007.0,40450.37,93.18083333333334,166.8775,2510.3,429.9,4920.6,16111.5
555,Wyoming,2017,37620.3,97.185,398968.0,56378.0,576240.0,41471.61,99.98416666666667,156.12,2540.2,423.0,5038.5,16318.9
556,Wyoming,2018,39614.5,92.345,404591.0,59197.0,574783.0,42889.75,90.6225,153.85083333333333,2602.9,468.8,5257.4,16792.0
557,Wyoming,2019,40029.5,94.12,407870.0,61853.0,575327.0,43915.89,95.47250000000001,137.975,2622.1,469.2,5396.7,17247.2
558,Wyoming,2020,36709.6,91.831,401353.0,65094.0,577681.0,44407.03,98.44666666666666,136.29416666666665,2784.9,602.8,5537.6,17330.7
559,Wyoming,2021,42319.1,91.533,419813.0,70962.0,579636.0,49290.93,105.67666666666668,132.17833333333334,3275.9,538.2,6356.8,18938.1
560,Wyoming,2022,49782.6,91.761,430153.0,76394.0,581978.0,53836.4,106.08583333333333,126.65416666666665,3414.7,725.3,7050.0,20866.9
